unit_id,property_id,unit_number,unit_type,sqft,market_rent,floor,status
U00001,P001,001,Studio,478,1358.0,3,Active
U00002,P001,002,Studio,507,1392.0,1,Vacant
U00003,P001,003,Studio,472,1527.0,1,Active
U00004,P001,004,Studio,473,1416.0,5,Vacant
U00005,P001,005,Studio,456,1518.0,6,Vacant
U00006,P001,006,Studio,557,1416.0,5,Active
U00007,P001,007,Studio,451,1578.0,2,Active
U00008,P001,008,Studio,537,1433.0,2,Active
U00009,P001,009,Studio,476,1378.0,1,Active
U00010,P001,010,Studio,538,1531.0,1,Notice
U00011,P001,011,Studio,587,1387.0,4,Active
U00012,P001,012,Studio,591,1438.0,6,Vacant
U00013,P001,013,Studio,542,1523.0,6,Active
U00014,P001,014,Studio,461,1548.0,3,Active
U00015,P001,015,Studio,509,1610.0,4,Active
U00016,P001,016,Studio,566,1541.0,3,Active
U00017,P001,017,Studio,544,1457.0,6,Active
U00018,P001,018,Studio,468,1533.0,2,Vacant
U00019,P001,019,Studio,512,1399.0,4,Active
U00020,P001,020,Studio,592,1416.0,3,Active
U00021,P001,021,Studio,508,1597.0,3,Active
U00022,P001,022,Studio,518,1370.0,5,Active
U00023,P001,023,Studio,504,1547.0,4,Notice
U00024,P001,024,Studio,486,1429.0,2,Vacant
U00025,P001,025,Studio,587,1429.0,5,Active
U00026,P001,026,Studio,599,1470.0,2,Active
U00027,P001,027,Studio,580,1498.0,1,Active
U00028,P001,028,Studio,489,1538.0,6,Active
U00029,P001,029,1BR/1BA,802,1575.0,4,Vacant
U00030,P001,030,1BR/1BA,769,1762.0,5,Active
U00031,P001,031,1BR/1BA,824,1838.0,6,Vacant
U00032,P001,032,1BR/1BA,842,1657.0,6,Active
U00033,P001,033,1BR/1BA,678,1667.0,2,Notice
U00034,P001,034,1BR/1BA,650,1932.0,6,Active
U00035,P001,035,1BR/1BA,778,1855.0,5,Active
U00036,P001,036,1BR/1BA,810,1669.0,6,Vacant
U00037,P001,037,1BR/1BA,805,1630.0,3,Active
U00038,P001,038,1BR/1BA,788,1931.0,5,Active
U00039,P001,039,1BR/1BA,803,1680.0,1,Active
U00040,P001,040,1BR/1BA,742,1901.0,3,Active
U00041,P001,041,1BR/1BA,664,1646.0,5,Active
U00042,P001,042,1BR/1BA,671,1843.0,1,Vacant
U00043,P001,043,1BR/1BA,846,1600.0,6,Notice
U00044,P001,044,1BR/1BA,790,1616.0,5,Vacant
U00045,P001,045,1BR/1BA,758,1936.0,5,Active
U00046,P001,046,1BR/1BA,832,1675.0,6,Active
U00047,P001,047,1BR/1BA,762,1910.0,4,Active
U00048,P001,048,1BR/1BA,713,1640.0,3,Active
U00049,P001,049,1BR/1BA,800,1772.0,5,Active
U00050,P001,050,1BR/1BA,651,1578.0,6,Active
U00051,P001,051,1BR/1BA,708,1577.0,1,Active
U00052,P001,052,1BR/1BA,668,1756.0,3,Notice
U00053,P001,053,1BR/1BA,704,1766.0,6,Vacant
U00054,P001,054,1BR/1BA,797,1739.0,4,Active
U00055,P001,055,1BR/1BA,698,1588.0,6,Active
U00056,P001,056,1BR/1BA,740,1719.0,4,Active
U00057,P001,057,1BR/1BA,822,1811.0,6,Active
U00058,P001,058,1BR/1BA,665,1711.0,3,Active
U00059,P001,059,1BR/1BA,713,1627.0,5,Notice
U00060,P001,060,1BR/1BA,685,1719.0,3,Notice
U00061,P001,061,1BR/1BA,713,1900.0,1,Notice
U00062,P001,062,1BR/1BA,790,1589.0,6,Vacant
U00063,P001,063,1BR/1BA,653,1938.0,2,Active
U00064,P001,064,1BR/1BA,754,1744.0,2,Active
U00065,P001,065,1BR/1BA,665,1616.0,1,Active
U00066,P001,066,1BR/1BA,717,1921.0,4,Active
U00067,P001,067,1BR/1BA,758,1829.0,6,Vacant
U00068,P001,068,1BR/1BA,819,1837.0,2,Active
U00069,P001,069,1BR/1BA,725,1637.0,1,Vacant
U00070,P001,070,1BR/1BA,838,1767.0,6,Active
U00071,P001,071,1BR/1BA,664,1570.0,4,Vacant
U00072,P001,072,1BR/1BA,785,1613.0,5,Active
U00073,P001,073,1BR/1BA,697,1577.0,1,Active
U00074,P001,074,1BR/1BA,753,1598.0,5,Active
U00075,P001,075,1BR/1BA,798,1788.0,5,Active
U00076,P001,076,1BR/1BA,757,1813.0,5,Vacant
U00077,P001,077,1BR/1BA,730,1924.0,2,Active
U00078,P001,078,1BR/1BA,711,1656.0,2,Active
U00079,P001,079,1BR/1BA,767,1676.0,1,Active
U00080,P001,080,1BR/1BA,767,1798.0,5,Active
U00081,P001,081,1BR/1BA,668,1765.0,5,Active
U00082,P001,082,1BR/1BA,683,1923.0,1,Active
U00083,P001,083,1BR/1BA,744,1664.0,4,Vacant
U00084,P001,084,1BR/1BA,830,1671.0,6,Vacant
U00085,P001,085,1BR/1BA,652,1817.0,5,Active
U00086,P001,086,1BR/1BA,819,1591.0,2,Active
U00087,P001,087,1BR/1BA,679,1906.0,6,Vacant
U00088,P001,088,1BR/1BA,689,1659.0,5,Active
U00089,P001,089,1BR/1BA,833,1687.0,6,Active
U00090,P001,090,1BR/1BA,779,1745.0,1,Active
U00091,P001,091,1BR/1BA,812,1719.0,3,Active
U00092,P001,092,1BR/1BA,650,1683.0,2,Active
U00093,P001,093,1BR/1BA,691,1846.0,5,Active
U00094,P001,094,1BR/1BA,793,1554.0,1,Active
U00095,P001,095,1BR/1BA,789,1564.0,3,Vacant
U00096,P001,096,1BR/1BA,791,1609.0,2,Active
U00097,P001,097,1BR/1BA,728,1696.0,1,Active
U00098,P001,098,1BR/1BA,703,1823.0,6,Active
U00099,P001,099,1BR/1BA,740,1862.0,4,Vacant
U00100,P001,100,1BR/1BA,841,1612.0,2,Active
U00101,P001,101,1BR/1BA,695,1903.0,1,Active
U00102,P001,102,1BR/1BA,838,1920.0,4,Active
U00103,P001,103,1BR/1BA,718,1614.0,6,Active
U00104,P001,104,1BR/1BA,747,1899.0,4,Active
U00105,P001,105,1BR/1BA,701,1877.0,4,Active
U00106,P001,106,1BR/1BA,728,1878.0,2,Active
U00107,P001,107,1BR/1BA,656,1814.0,4,Active
U00108,P001,108,1BR/1BA,721,1896.0,3,Active
U00109,P001,109,1BR/1BA,814,1754.0,6,Vacant
U00110,P001,110,1BR/1BA,734,1926.0,1,Active
U00111,P001,111,1BR/1BA,695,1782.0,3,Active
U00112,P001,112,1BR/1BA,677,1789.0,3,Active
U00113,P001,113,1BR/1BA,761,1792.0,5,Active
U00114,P001,114,1BR/1BA,748,1910.0,2,Active
U00115,P001,115,2BR/1BA,861,2119.0,1,Vacant
U00116,P001,116,2BR/1BA,987,2109.0,6,Active
U00117,P001,117,2BR/1BA,943,1994.0,6,Active
U00118,P001,118,2BR/1BA,1009,1941.0,1,Active
U00119,P001,119,2BR/1BA,979,1939.0,4,Active
U00120,P001,120,2BR/1BA,953,2114.0,5,Active
U00121,P001,121,2BR/1BA,899,1989.0,4,Active
U00122,P001,122,2BR/1BA,1007,2056.0,4,Vacant
U00123,P001,123,2BR/1BA,850,1937.0,2,Active
U00124,P001,124,2BR/1BA,998,2073.0,3,Notice
U00125,P001,125,2BR/1BA,963,1999.0,2,Vacant
U00126,P001,126,2BR/1BA,971,2157.0,6,Active
U00127,P001,127,2BR/1BA,1018,1838.0,5,Vacant
U00128,P001,128,2BR/1BA,935,1842.0,2,Active
U00129,P001,129,2BR/1BA,907,2163.0,2,Active
U00130,P001,130,2BR/1BA,861,1910.0,4,Vacant
U00131,P001,131,2BR/1BA,1046,1833.0,4,Vacant
U00132,P001,132,2BR/1BA,899,2123.0,4,Notice
U00133,P001,133,2BR/1BA,952,1910.0,6,Active
U00134,P001,134,2BR/1BA,1042,2187.0,1,Active
U00135,P001,135,2BR/1BA,906,1879.0,6,Vacant
U00136,P001,136,2BR/1BA,968,1823.0,2,Active
U00137,P001,137,2BR/1BA,966,1860.0,4,Vacant
U00138,P001,138,2BR/1BA,993,2068.0,4,Vacant
U00139,P001,139,2BR/1BA,1034,2201.0,4,Vacant
U00140,P001,140,2BR/1BA,964,2204.0,6,Notice
U00141,P001,141,2BR/1BA,965,1917.0,2,Active
U00142,P001,142,2BR/1BA,1046,2150.0,4,Active
U00143,P001,143,2BR/2BA,1020,2220.0,6,Active
U00144,P001,144,2BR/2BA,1010,2136.0,3,Vacant
U00145,P001,145,2BR/2BA,970,2069.0,2,Active
U00146,P001,146,2BR/2BA,1127,2076.0,2,Active
U00147,P001,147,2BR/2BA,1056,2204.0,5,Notice
U00148,P001,148,2BR/2BA,1056,2031.0,4,Active
U00149,P001,149,2BR/2BA,1147,2292.0,6,Active
U00150,P001,150,2BR/2BA,1145,2288.0,4,Active
U00151,P001,151,2BR/2BA,1040,2149.0,4,Active
U00152,P001,152,2BR/2BA,1087,2374.0,5,Vacant
U00153,P001,153,2BR/2BA,1006,2244.0,3,Active
U00154,P001,154,2BR/2BA,1074,2015.0,3,Active
U00155,P001,155,2BR/2BA,1135,2083.0,4,Active
U00156,P001,156,2BR/2BA,1109,2267.0,4,Vacant
U00157,P001,157,2BR/2BA,1094,2331.0,1,Active
U00158,P001,158,2BR/2BA,984,2433.0,2,Active
U00159,P001,159,2BR/2BA,1016,2190.0,2,Notice
U00160,P001,160,2BR/2BA,1033,2169.0,4,Active
U00161,P001,161,2BR/2BA,1142,2476.0,4,Active
U00162,P001,162,2BR/2BA,970,2235.0,6,Vacant
U00163,P001,163,2BR/2BA,963,2500.0,3,Active
U00164,P001,164,2BR/2BA,1116,2034.0,6,Active
U00165,P001,165,2BR/2BA,1143,2016.0,2,Active
U00166,P001,166,2BR/2BA,955,2311.0,2,Active
U00167,P001,167,2BR/2BA,1071,2335.0,5,Active
U00168,P001,168,2BR/2BA,1069,2350.0,3,Active
U00169,P001,169,2BR/2BA,1105,2304.0,6,Active
U00170,P001,170,2BR/2BA,1149,2410.0,3,Active
U00171,P001,171,2BR/2BA,1098,2013.0,3,Vacant
U00172,P001,172,2BR/2BA,1123,2454.0,4,Active
U00173,P001,173,2BR/2BA,1133,2099.0,5,Active
U00174,P001,174,2BR/2BA,976,2349.0,3,Vacant
U00175,P001,175,2BR/2BA,980,2398.0,5,Active
U00176,P001,176,2BR/2BA,1038,2266.0,6,Active
U00177,P001,177,2BR/2BA,967,2253.0,3,Active
U00178,P001,178,2BR/2BA,1057,2411.0,1,Active
U00179,P001,179,2BR/2BA,1042,2318.0,4,Active
U00180,P001,180,2BR/2BA,1061,2088.0,5,Active
U00181,P001,181,2BR/2BA,1107,2404.0,5,Notice
U00182,P001,182,2BR/2BA,1069,2218.0,6,Vacant
U00183,P001,183,2BR/2BA,1018,2161.0,2,Active
U00184,P001,184,2BR/2BA,1021,2441.0,2,Notice
U00185,P001,185,2BR/2BA,1095,2305.0,4,Active
U00186,P001,186,2BR/2BA,957,2247.0,3,Active
U00187,P001,187,2BR/2BA,1074,2106.0,3,Active
U00188,P001,188,2BR/2BA,1021,2440.0,6,Active
U00189,P001,189,2BR/2BA,1092,2005.0,2,Active
U00190,P001,190,2BR/2BA,1011,2360.0,4,Vacant
U00191,P001,191,2BR/2BA,1144,2120.0,4,Notice
U00192,P001,192,2BR/2BA,1064,2396.0,1,Active
U00193,P001,193,2BR/2BA,1006,2202.0,2,Active
U00194,P001,194,2BR/2BA,1119,2291.0,4,Vacant
U00195,P001,195,2BR/2BA,1085,2172.0,6,Vacant
U00196,P001,196,2BR/2BA,1034,2176.0,4,Active
U00197,P001,197,2BR/2BA,1028,2126.0,1,Active
U00198,P001,198,2BR/2BA,1030,2060.0,5,Active
U00199,P001,199,2BR/2BA,999,2108.0,4,Active
U00200,P001,200,2BR/2BA,1135,2295.0,5,Vacant
U00201,P001,201,2BR/2BA,1022,2490.0,2,Active
U00202,P001,202,2BR/2BA,1008,2180.0,3,Active
U00203,P001,203,2BR/2BA,1131,2267.0,3,Active
U00204,P001,204,2BR/2BA,963,2277.0,6,Active
U00205,P001,205,2BR/2BA,1113,2434.0,4,Active
U00206,P001,206,2BR/2BA,953,2287.0,4,Notice
U00207,P001,207,2BR/2BA,1062,2170.0,1,Active
U00208,P001,208,2BR/2BA,1072,2057.0,1,Active
U00209,P001,209,2BR/2BA,1075,2037.0,6,Active
U00210,P001,210,2BR/2BA,988,2075.0,5,Active
U00211,P001,211,2BR/2BA,971,2497.0,1,Vacant
U00212,P001,212,2BR/2BA,1145,2208.0,5,Vacant
U00213,P001,213,2BR/2BA,1007,2388.0,4,Notice
U00214,P001,214,2BR/2BA,1063,2149.0,5,Active
U00215,P001,215,2BR/2BA,1028,2284.0,1,Vacant
U00216,P001,216,2BR/2BA,1139,2050.0,2,Active
U00217,P001,217,2BR/2BA,1017,2330.0,2,Active
U00218,P001,218,2BR/2BA,994,2276.0,2,Active
U00219,P001,219,2BR/2BA,1054,2225.0,5,Notice
U00220,P001,220,2BR/2BA,1024,2016.0,3,Active
U00221,P001,221,2BR/2BA,1129,2430.0,1,Active
U00222,P001,222,2BR/2BA,1017,2394.0,6,Vacant
U00223,P001,223,2BR/2BA,1119,2402.0,2,Active
U00224,P001,224,2BR/2BA,979,2272.0,6,Active
U00225,P001,225,2BR/2BA,1018,2413.0,1,Active
U00226,P001,226,2BR/2BA,992,2396.0,5,Vacant
U00227,P001,227,2BR/2BA,1023,2220.0,4,Active
U00228,P001,228,2BR/2BA,1129,2201.0,3,Vacant
U00229,P001,229,2BR/2BA,1088,2247.0,1,Vacant
U00230,P001,230,2BR/2BA,960,2445.0,6,Active
U00231,P001,231,2BR/2BA,1104,2125.0,1,Active
U00232,P001,232,2BR/2BA,1122,2418.0,5,Vacant
U00233,P001,233,2BR/2BA,955,2500.0,6,Active
U00234,P001,234,2BR/2BA,1097,2020.0,2,Notice
U00235,P001,235,2BR/2BA,1082,2326.0,3,Active
U00236,P001,236,2BR/2BA,1099,2218.0,4,Active
U00237,P001,237,2BR/2BA,1070,2174.0,3,Active
U00238,P001,238,2BR/2BA,1121,2052.0,2,Active
U00239,P001,239,2BR/2BA,1055,2347.0,3,Active
U00240,P001,240,2BR/2BA,1144,2275.0,4,Active
U00241,P001,241,2BR/2BA,1030,2126.0,1,Active
U00242,P001,242,2BR/2BA,1081,2412.0,1,Vacant
U00243,P001,243,2BR/2BA,1068,2207.0,2,Vacant
U00244,P001,244,2BR/2BA,1042,2311.0,4,Notice
U00245,P001,245,2BR/2BA,1144,2026.0,3,Vacant
U00246,P001,246,2BR/2BA,983,2464.0,4,Notice
U00247,P001,247,2BR/2BA,981,2014.0,6,Vacant
U00248,P001,248,2BR/2BA,1011,2355.0,3,Vacant
U00249,P001,249,2BR/2BA,953,2276.0,1,Active
U00250,P001,250,2BR/2BA,979,2231.0,1,Active
U00251,P001,251,2BR/2BA,1077,2466.0,3,Vacant
U00252,P001,252,2BR/2BA,1130,2137.0,4,Notice
U00253,P001,253,2BR/2BA,1012,2228.0,2,Active
U00254,P001,254,2BR/2BA,998,2461.0,5,Active
U00255,P001,255,2BR/2BA,967,2138.0,4,Active
U00256,P001,256,2BR/2BA,1079,2134.0,1,Active
U00257,P001,257,3BR/2BA,1302,2986.0,5,Notice
U00258,P001,258,3BR/2BA,1226,2713.0,4,Active
U00259,P001,259,3BR/2BA,1320,2786.0,5,Active
U00260,P001,260,3BR/2BA,1383,3053.0,2,Active
U00261,P001,261,3BR/2BA,1442,2668.0,4,Active
U00262,P001,262,3BR/2BA,1312,2921.0,6,Active
U00263,P001,263,3BR/2BA,1347,3092.0,6,Active
U00264,P001,264,3BR/2BA,1403,3075.0,2,Vacant
U00265,P001,265,3BR/2BA,1319,3009.0,4,Active
U00266,P001,266,3BR/2BA,1419,3037.0,1,Active
U00267,P001,267,3BR/2BA,1359,3010.0,2,Active
U00268,P001,268,3BR/2BA,1390,2947.0,3,Active
U00269,P001,269,3BR/2BA,1353,2855.0,3,Vacant
U00270,P001,270,3BR/2BA,1344,3068.0,6,Notice
U00271,P001,271,3BR/2BA,1427,2425.0,1,Active
U00272,P001,272,3BR/2BA,1297,3098.0,6,Active
U00273,P001,273,3BR/2BA,1372,3085.0,6,Active
U00274,P001,274,3BR/2BA,1377,2516.0,3,Active
U00275,P001,275,3BR/2BA,1173,2627.0,1,Active
U00276,P001,276,3BR/2BA,1333,2662.0,2,Active
U00277,P001,277,3BR/2BA,1421,2688.0,6,Active
U00278,P001,278,3BR/2BA,1237,2523.0,5,Active
U00279,P001,279,3BR/2BA,1273,2748.0,5,Active
U00280,P001,280,3BR/2BA,1268,2723.0,3,Notice
U00281,P001,281,3BR/2BA,1280,2867.0,4,Active
U00282,P001,282,3BR/2BA,1429,2511.0,4,Active
U00283,P001,283,3BR/2BA,1450,2609.0,4,Active
U00284,P001,284,3BR/2BA,1383,2992.0,2,Active
U00285,P002,001,Studio,573,1382.0,4,Vacant
U00286,P002,002,Studio,541,1522.0,6,Active
U00287,P002,003,Studio,455,1643.0,6,Active
U00288,P002,004,Studio,520,1352.0,6,Active
U00289,P002,005,Studio,577,1600.0,3,Active
U00290,P002,006,Studio,540,1416.0,2,Vacant
U00291,P002,007,Studio,514,1553.0,6,Active
U00292,P002,008,Studio,474,1621.0,6,Active
U00293,P002,009,Studio,529,1587.0,1,Vacant
U00294,P002,010,Studio,543,1570.0,1,Active
U00295,P002,011,Studio,533,1574.0,2,Active
U00296,P002,012,Studio,483,1586.0,3,Vacant
U00297,P002,013,Studio,578,1624.0,2,Active
U00298,P002,014,Studio,573,1640.0,3,Active
U00299,P002,015,Studio,479,1490.0,1,Active
U00300,P002,016,1BR/1BA,843,1937.0,6,Active
U00301,P002,017,1BR/1BA,792,1696.0,4,Active
U00302,P002,018,1BR/1BA,717,1765.0,4,Active
U00303,P002,019,1BR/1BA,822,1850.0,3,Vacant
U00304,P002,020,1BR/1BA,747,1879.0,3,Active
U00305,P002,021,1BR/1BA,822,1644.0,1,Vacant
U00306,P002,022,1BR/1BA,793,1681.0,5,Active
U00307,P002,023,1BR/1BA,815,1575.0,4,Active
U00308,P002,024,1BR/1BA,816,1713.0,2,Active
U00309,P002,025,1BR/1BA,659,1672.0,4,Active
U00310,P002,026,1BR/1BA,674,1644.0,5,Active
U00311,P002,027,1BR/1BA,749,1731.0,6,Vacant
U00312,P002,028,1BR/1BA,757,1785.0,6,Active
U00313,P002,029,1BR/1BA,756,1812.0,4,Vacant
U00314,P002,030,1BR/1BA,754,1926.0,3,Active
U00315,P002,031,1BR/1BA,826,1698.0,4,Notice
U00316,P002,032,1BR/1BA,710,1892.0,1,Active
U00317,P002,033,1BR/1BA,789,1911.0,6,Active
U00318,P002,034,1BR/1BA,665,1709.0,2,Active
U00319,P002,035,1BR/1BA,766,1587.0,2,Vacant
U00320,P002,036,1BR/1BA,655,1570.0,3,Active
U00321,P002,037,1BR/1BA,682,1865.0,2,Active
U00322,P002,038,1BR/1BA,845,1772.0,5,Active
U00323,P002,039,1BR/1BA,709,1681.0,2,Vacant
U00324,P002,040,1BR/1BA,650,1661.0,2,Active
U00325,P002,041,1BR/1BA,788,1650.0,2,Active
U00326,P002,042,1BR/1BA,819,1897.0,2,Active
U00327,P002,043,1BR/1BA,741,1866.0,2,Vacant
U00328,P002,044,1BR/1BA,732,1556.0,3,Active
U00329,P002,045,1BR/1BA,682,1847.0,5,Active
U00330,P002,046,1BR/1BA,840,1575.0,4,Active
U00331,P002,047,1BR/1BA,781,1787.0,4,Vacant
U00332,P002,048,1BR/1BA,706,1928.0,1,Vacant
U00333,P002,049,1BR/1BA,727,1733.0,1,Active
U00334,P002,050,1BR/1BA,772,1889.0,4,Active
U00335,P002,051,1BR/1BA,775,1835.0,4,Active
U00336,P002,052,1BR/1BA,670,1679.0,2,Active
U00337,P002,053,1BR/1BA,682,1660.0,6,Vacant
U00338,P002,054,1BR/1BA,790,1835.0,4,Vacant
U00339,P002,055,1BR/1BA,785,1668.0,5,Vacant
U00340,P002,056,1BR/1BA,760,1590.0,6,Active
U00341,P002,057,1BR/1BA,817,1810.0,5,Active
U00342,P002,058,1BR/1BA,760,1731.0,2,Active
U00343,P002,059,1BR/1BA,736,1881.0,4,Active
U00344,P002,060,1BR/1BA,836,1588.0,4,Active
U00345,P002,061,1BR/1BA,820,1652.0,2,Notice
U00346,P002,062,1BR/1BA,667,1586.0,1,Active
U00347,P002,063,1BR/1BA,760,1589.0,6,Active
U00348,P002,064,1BR/1BA,683,1773.0,5,Vacant
U00349,P002,065,1BR/1BA,793,1682.0,1,Active
U00350,P002,066,1BR/1BA,740,1899.0,4,Active
U00351,P002,067,1BR/1BA,723,1790.0,3,Active
U00352,P002,068,1BR/1BA,797,1753.0,2,Notice
U00353,P002,069,1BR/1BA,707,1889.0,3,Vacant
U00354,P002,070,1BR/1BA,744,1596.0,3,Vacant
U00355,P002,071,1BR/1BA,707,1873.0,5,Vacant
U00356,P002,072,1BR/1BA,807,1820.0,5,Active
U00357,P002,073,1BR/1BA,805,1922.0,6,Active
U00358,P002,074,1BR/1BA,657,1622.0,6,Active
U00359,P002,075,1BR/1BA,736,1690.0,2,Active
U00360,P002,076,1BR/1BA,794,1813.0,1,Active
U00361,P002,077,1BR/1BA,839,1803.0,1,Active
U00362,P002,078,2BR/1BA,1041,2039.0,4,Active
U00363,P002,079,2BR/1BA,966,1953.0,3,Active
U00364,P002,080,2BR/1BA,1034,1946.0,5,Vacant
U00365,P002,081,2BR/1BA,871,2198.0,2,Active
U00366,P002,082,2BR/1BA,1043,2078.0,6,Active
U00367,P002,083,2BR/1BA,919,1999.0,4,Notice
U00368,P002,084,2BR/1BA,1005,1999.0,3,Active
U00369,P002,085,2BR/1BA,1043,2031.0,3,Active
U00370,P002,086,2BR/1BA,878,1927.0,6,Vacant
U00371,P002,087,2BR/1BA,974,2037.0,3,Active
U00372,P002,088,2BR/1BA,906,1978.0,5,Active
U00373,P002,089,2BR/1BA,851,1892.0,2,Active
U00374,P002,090,2BR/1BA,1045,1915.0,3,Active
U00375,P002,091,2BR/1BA,851,2024.0,4,Active
U00376,P002,092,2BR/1BA,883,1971.0,6,Active
U00377,P002,093,2BR/1BA,978,2051.0,6,Active
U00378,P002,094,2BR/1BA,868,1979.0,6,Active
U00379,P002,095,2BR/1BA,961,1808.0,1,Active
U00380,P002,096,2BR/1BA,997,1993.0,4,Active
U00381,P002,097,2BR/1BA,924,1852.0,1,Active
U00382,P002,098,2BR/1BA,893,2161.0,5,Notice
U00383,P002,099,2BR/1BA,1026,2214.0,1,Active
U00384,P002,100,2BR/1BA,877,1909.0,5,Active
U00385,P002,101,2BR/1BA,984,1835.0,3,Active
U00386,P002,102,2BR/1BA,906,1950.0,2,Active
U00387,P002,103,2BR/1BA,980,2085.0,5,Vacant
U00388,P002,104,2BR/1BA,899,2208.0,3,Active
U00389,P002,105,2BR/1BA,1036,2231.0,6,Active
U00390,P002,106,2BR/1BA,910,1846.0,3,Active
U00391,P002,107,2BR/1BA,894,2071.0,6,Active
U00392,P002,108,2BR/1BA,895,2228.0,6,Notice
U00393,P002,109,2BR/1BA,968,2140.0,5,Notice
U00394,P002,110,2BR/1BA,1024,2216.0,5,Vacant
U00395,P002,111,2BR/1BA,932,2189.0,6,Active
U00396,P002,112,2BR/1BA,888,1998.0,4,Notice
U00397,P002,113,2BR/1BA,1011,1936.0,3,Vacant
U00398,P002,114,2BR/1BA,864,1958.0,1,Active
U00399,P002,115,2BR/1BA,968,2003.0,1,Active
U00400,P002,116,2BR/1BA,923,1835.0,1,Vacant
U00401,P002,117,2BR/1BA,1002,2028.0,4,Vacant
U00402,P002,118,2BR/1BA,991,2229.0,6,Active
U00403,P002,119,2BR/1BA,965,2209.0,5,Active
U00404,P002,120,2BR/1BA,932,2072.0,5,Active
U00405,P002,121,2BR/1BA,865,2003.0,3,Active
U00406,P002,122,2BR/1BA,979,2091.0,1,Active
U00407,P002,123,2BR/1BA,1031,1997.0,4,Vacant
U00408,P002,124,2BR/2BA,1083,2305.0,3,Active
U00409,P002,125,2BR/2BA,1022,2194.0,3,Vacant
U00410,P002,126,2BR/2BA,963,2395.0,6,Active
U00411,P002,127,2BR/2BA,966,2165.0,5,Active
U00412,P002,128,2BR/2BA,1022,2126.0,6,Vacant
U00413,P002,129,2BR/2BA,988,2167.0,5,Active
U00414,P002,130,2BR/2BA,1039,2155.0,6,Active
U00415,P002,131,2BR/2BA,983,2298.0,1,Active
U00416,P002,132,2BR/2BA,1093,2188.0,3,Active
U00417,P002,133,2BR/2BA,1121,2351.0,6,Vacant
U00418,P002,134,2BR/2BA,973,2323.0,4,Vacant
U00419,P002,135,2BR/2BA,1042,2009.0,3,Active
U00420,P002,136,2BR/2BA,1004,2171.0,4,Active
U00421,P002,137,2BR/2BA,1007,2500.0,2,Active
U00422,P002,138,2BR/2BA,1025,2422.0,1,Vacant
U00423,P002,139,2BR/2BA,1147,2270.0,6,Vacant
U00424,P002,140,2BR/2BA,959,2331.0,5,Active
U00425,P002,141,2BR/2BA,1102,2188.0,2,Active
U00426,P002,142,2BR/2BA,1127,2386.0,2,Notice
U00427,P002,143,2BR/2BA,961,2205.0,6,Active
U00428,P002,144,2BR/2BA,1063,2305.0,6,Notice
U00429,P002,145,2BR/2BA,1009,2267.0,3,Notice
U00430,P002,146,2BR/2BA,999,2184.0,5,Notice
U00431,P002,147,2BR/2BA,1068,2385.0,4,Vacant
U00432,P002,148,2BR/2BA,1085,2209.0,2,Active
U00433,P002,149,2BR/2BA,1104,2069.0,3,Active
U00434,P002,150,2BR/2BA,1114,2240.0,3,Vacant
U00435,P002,151,2BR/2BA,976,2356.0,5,Active
U00436,P002,152,2BR/2BA,1022,2042.0,2,Active
U00437,P002,153,2BR/2BA,1065,2453.0,2,Active
U00438,P002,154,2BR/2BA,973,2473.0,2,Notice
U00439,P002,155,2BR/2BA,1039,2465.0,4,Active
U00440,P002,156,2BR/2BA,1051,2251.0,2,Active
U00441,P002,157,2BR/2BA,970,2187.0,1,Active
U00442,P002,158,2BR/2BA,975,2420.0,6,Active
U00443,P002,159,2BR/2BA,987,2069.0,3,Notice
U00444,P002,160,2BR/2BA,1128,2416.0,6,Notice
U00445,P002,161,2BR/2BA,1064,2308.0,1,Active
U00446,P002,162,2BR/2BA,1015,2108.0,2,Vacant
U00447,P002,163,2BR/2BA,1136,2304.0,4,Active
U00448,P002,164,2BR/2BA,1148,2144.0,3,Active
U00449,P002,165,2BR/2BA,962,2119.0,6,Vacant
U00450,P002,166,2BR/2BA,1067,2031.0,4,Vacant
U00451,P002,167,2BR/2BA,1087,2008.0,5,Vacant
U00452,P002,168,2BR/2BA,1011,2359.0,3,Active
U00453,P002,169,2BR/2BA,950,2307.0,2,Vacant
U00454,P002,170,2BR/2BA,1056,2094.0,6,Active
U00455,P002,171,2BR/2BA,1084,2487.0,1,Vacant
U00456,P002,172,2BR/2BA,1089,2254.0,5,Vacant
U00457,P002,173,2BR/2BA,955,2195.0,4,Active
U00458,P002,174,2BR/2BA,1112,2193.0,3,Active
U00459,P002,175,2BR/2BA,1141,2008.0,1,Active
U00460,P002,176,2BR/2BA,1011,2366.0,6,Active
U00461,P002,177,2BR/2BA,1147,2291.0,3,Active
U00462,P002,178,2BR/2BA,961,2176.0,3,Active
U00463,P002,179,2BR/2BA,1149,2342.0,6,Notice
U00464,P002,180,2BR/2BA,1111,2091.0,2,Active
U00465,P002,181,2BR/2BA,1133,2388.0,4,Active
U00466,P002,182,2BR/2BA,1025,2101.0,2,Active
U00467,P002,183,2BR/2BA,1030,2467.0,5,Active
U00468,P002,184,2BR/2BA,1089,2237.0,1,Active
U00469,P002,185,2BR/2BA,1023,2178.0,1,Active
U00470,P002,186,2BR/2BA,1019,2062.0,3,Active
U00471,P002,187,2BR/2BA,1052,2372.0,4,Active
U00472,P002,188,2BR/2BA,997,2248.0,4,Active
U00473,P002,189,2BR/2BA,1082,2133.0,1,Active
U00474,P002,190,2BR/2BA,970,2215.0,2,Vacant
U00475,P002,191,2BR/2BA,1025,2161.0,1,Active
U00476,P002,192,2BR/2BA,1119,2148.0,4,Vacant
U00477,P002,193,2BR/2BA,1133,2213.0,6,Notice
U00478,P002,194,2BR/2BA,1039,2224.0,6,Active
U00479,P002,195,2BR/2BA,1107,2499.0,3,Active
U00480,P002,196,2BR/2BA,969,2336.0,4,Active
U00481,P002,197,2BR/2BA,1081,2401.0,6,Active
U00482,P002,198,2BR/2BA,957,2071.0,5,Notice
U00483,P002,199,2BR/2BA,958,2063.0,2,Active
U00484,P002,200,2BR/2BA,1042,2191.0,5,Active
U00485,P002,201,2BR/2BA,1104,2077.0,4,Active
U00486,P002,202,2BR/2BA,1045,2222.0,1,Vacant
U00487,P002,203,2BR/2BA,985,2265.0,4,Active
U00488,P002,204,2BR/2BA,1116,2139.0,1,Active
U00489,P002,205,2BR/2BA,1138,2093.0,5,Active
U00490,P002,206,2BR/2BA,1093,2059.0,3,Notice
U00491,P002,207,2BR/2BA,1004,2498.0,3,Notice
U00492,P002,208,2BR/2BA,1001,2061.0,1,Notice
U00493,P002,209,2BR/2BA,994,2449.0,4,Active
U00494,P002,210,2BR/2BA,1124,2484.0,3,Active
U00495,P002,211,2BR/2BA,1131,2032.0,5,Active
U00496,P002,212,2BR/2BA,1026,2426.0,6,Active
U00497,P002,213,2BR/2BA,1042,2254.0,1,Active
U00498,P002,214,2BR/2BA,985,2118.0,4,Active
U00499,P002,215,2BR/2BA,1042,2277.0,3,Notice
U00500,P002,216,2BR/2BA,1091,2065.0,1,Active
U00501,P002,217,2BR/2BA,1029,2199.0,6,Notice
U00502,P002,218,2BR/2BA,1084,2205.0,4,Vacant
U00503,P002,219,2BR/2BA,968,2063.0,3,Active
U00504,P002,220,2BR/2BA,1065,2233.0,5,Active
U00505,P002,221,2BR/2BA,982,2439.0,5,Vacant
U00506,P002,222,2BR/2BA,996,2384.0,2,Active
U00507,P002,223,2BR/2BA,1078,2455.0,1,Active
U00508,P002,224,2BR/2BA,1082,2077.0,2,Active
U00509,P002,225,2BR/2BA,1032,2467.0,2,Active
U00510,P002,226,2BR/2BA,1082,2447.0,1,Active
U00511,P002,227,2BR/2BA,1000,2318.0,5,Active
U00512,P002,228,2BR/2BA,982,2313.0,5,Vacant
U00513,P002,229,2BR/2BA,973,2251.0,2,Vacant
U00514,P002,230,2BR/2BA,1098,2077.0,6,Vacant
U00515,P002,231,2BR/2BA,1134,2451.0,3,Vacant
U00516,P002,232,2BR/2BA,960,2413.0,1,Active
U00517,P002,233,3BR/2BA,1173,3064.0,5,Active
U00518,P002,234,3BR/2BA,1257,2937.0,4,Vacant
U00519,P002,235,3BR/2BA,1165,2749.0,6,Vacant
U00520,P002,236,3BR/2BA,1298,2849.0,3,Notice
U00521,P002,237,3BR/2BA,1275,2963.0,6,Active
U00522,P002,238,3BR/2BA,1302,2717.0,6,Active
U00523,P002,239,3BR/2BA,1230,2708.0,4,Notice
U00524,P002,240,3BR/2BA,1254,2638.0,2,Active
U00525,P002,241,3BR/2BA,1313,2914.0,3,Active
U00526,P002,242,3BR/2BA,1216,2932.0,5,Vacant
U00527,P002,243,3BR/2BA,1204,2623.0,4,Active
U00528,P002,244,3BR/2BA,1286,2715.0,2,Active
U00529,P002,245,3BR/2BA,1175,2603.0,4,Vacant
U00530,P002,246,3BR/2BA,1364,2574.0,2,Active
U00531,P002,247,3BR/2BA,1445,2905.0,2,Active
U00532,P002,248,3BR/2BA,1405,3097.0,4,Notice
U00533,P002,249,3BR/2BA,1307,2748.0,1,Active
U00534,P002,250,3BR/2BA,1408,2720.0,2,Active
U00535,P002,251,3BR/2BA,1448,2647.0,1,Active
U00536,P002,252,3BR/2BA,1403,2818.0,6,Notice
U00537,P002,253,3BR/2BA,1296,2776.0,1,Active
U00538,P002,254,3BR/2BA,1218,3018.0,6,Active
U00539,P002,255,3BR/2BA,1356,2656.0,4,Active
U00540,P002,256,3BR/2BA,1441,2793.0,3,Vacant
U00541,P002,257,3BR/2BA,1297,2451.0,5,Notice
U00542,P002,258,3BR/2BA,1431,2596.0,5,Vacant
U00543,P002,259,3BR/2BA,1210,2490.0,1,Active
U00544,P002,260,3BR/2BA,1341,2956.0,3,Vacant
U00545,P002,261,3BR/2BA,1337,2928.0,2,Vacant
U00546,P002,262,3BR/2BA,1410,2681.0,1,Active
U00547,P002,263,3BR/2BA,1169,2496.0,3,Notice
U00548,P002,264,3BR/2BA,1415,2720.0,5,Vacant
U00549,P002,265,3BR/2BA,1221,2630.0,5,Active
U00550,P002,266,3BR/2BA,1233,2675.0,5,Active
U00551,P002,267,3BR/2BA,1322,2755.0,5,Vacant
U00552,P002,268,3BR/2BA,1400,2896.0,3,Notice
U00553,P002,269,3BR/2BA,1158,2658.0,6,Active
U00554,P002,270,3BR/2BA,1363,2809.0,6,Active
U00555,P002,271,3BR/2BA,1392,2586.0,6,Vacant
U00556,P002,272,3BR/2BA,1445,2559.0,1,Vacant
U00557,P002,273,3BR/2BA,1395,2519.0,6,Vacant
U00558,P002,274,3BR/2BA,1344,2503.0,6,Active
U00559,P002,275,3BR/2BA,1166,2801.0,6,Active
U00560,P002,276,3BR/2BA,1247,2413.0,3,Active
U00561,P002,277,3BR/2BA,1227,2689.0,2,Active
U00562,P002,278,3BR/2BA,1406,2942.0,4,Active
U00563,P002,279,3BR/2BA,1220,2763.0,5,Active
U00564,P002,280,3BR/2BA,1394,2768.0,3,Active
U00565,P002,281,3BR/2BA,1385,3038.0,3,Vacant
U00566,P002,282,3BR/2BA,1331,2873.0,6,Active
U00567,P002,283,3BR/2BA,1397,2535.0,2,Active
U00568,P002,284,3BR/2BA,1435,2609.0,3,Active
U00569,P002,285,3BR/2BA,1256,2883.0,4,Active
U00570,P002,286,3BR/2BA,1395,2644.0,6,Active
U00571,P002,287,3BR/2BA,1297,2485.0,6,Vacant
U00572,P002,288,3BR/2BA,1344,3027.0,4,Active
U00573,P002,289,3BR/2BA,1224,2603.0,3,Active
U00574,P002,290,3BR/2BA,1327,3047.0,6,Active
U00575,P002,291,3BR/2BA,1395,2550.0,5,Active
U00576,P002,292,3BR/2BA,1437,2887.0,2,Active
U00577,P002,293,3BR/2BA,1450,2567.0,1,Vacant
U00578,P002,294,3BR/2BA,1265,2847.0,1,Active
U00579,P002,295,3BR/2BA,1361,2631.0,4,Active
U00580,P002,296,3BR/2BA,1220,2404.0,5,Active
U00581,P002,297,3BR/2BA,1358,2857.0,4,Notice
U00582,P002,298,3BR/2BA,1252,2929.0,3,Active
U00583,P002,299,3BR/2BA,1296,2852.0,1,Vacant
U00584,P002,300,3BR/2BA,1268,2775.0,6,Active
U00585,P002,301,3BR/2BA,1239,2693.0,2,Active
U00586,P002,302,3BR/2BA,1353,2952.0,2,Active
U00587,P002,303,3BR/2BA,1169,2406.0,5,Vacant
U00588,P002,304,3BR/2BA,1204,3050.0,3,Active
U00589,P002,305,3BR/2BA,1382,3092.0,5,Vacant
U00590,P002,306,3BR/2BA,1402,3022.0,2,Vacant
U00591,P002,307,3BR/2BA,1389,2591.0,1,Active
U00592,P002,308,3BR/2BA,1233,2912.0,6,Active
U00593,P002,309,3BR/2BA,1245,2410.0,3,Active
U00594,P002,310,3BR/2BA,1440,2872.0,2,Active
U00595,P003,001,Studio,553,1598.0,5,Active
U00596,P003,002,1BR/1BA,672,1710.0,1,Active
U00597,P003,003,1BR/1BA,685,1741.0,2,Active
U00598,P003,004,1BR/1BA,716,1703.0,4,Active
U00599,P003,005,1BR/1BA,734,1671.0,6,Vacant
U00600,P003,006,1BR/1BA,652,1655.0,3,Active
U00601,P003,007,1BR/1BA,665,1817.0,4,Active
U00602,P003,008,1BR/1BA,690,1712.0,5,Active
U00603,P003,009,1BR/1BA,826,1597.0,3,Active
U00604,P003,010,1BR/1BA,807,1638.0,2,Notice
U00605,P003,011,1BR/1BA,689,1732.0,5,Active
U00606,P003,012,1BR/1BA,756,1831.0,4,Vacant
U00607,P003,013,1BR/1BA,820,1880.0,2,Vacant
U00608,P003,014,1BR/1BA,670,1760.0,5,Active
U00609,P003,015,1BR/1BA,669,1917.0,1,Active
U00610,P003,016,1BR/1BA,790,1911.0,2,Vacant
U00611,P003,017,1BR/1BA,787,1610.0,3,Vacant
U00612,P003,018,1BR/1BA,763,1596.0,2,Vacant
U00613,P003,019,1BR/1BA,775,1586.0,5,Notice
U00614,P003,020,1BR/1BA,664,1731.0,5,Active
U00615,P003,021,2BR/1BA,966,2054.0,5,Notice
U00616,P003,022,2BR/1BA,1022,2163.0,6,Active
U00617,P003,023,2BR/1BA,951,1915.0,1,Active
U00618,P003,024,2BR/1BA,998,1833.0,4,Active
U00619,P003,025,2BR/1BA,1029,1829.0,1,Active
U00620,P003,026,2BR/1BA,970,1814.0,4,Active
U00621,P003,027,2BR/1BA,1046,1861.0,6,Active
U00622,P003,028,2BR/1BA,945,2247.0,4,Notice
U00623,P003,029,2BR/1BA,946,1969.0,6,Vacant
U00624,P003,030,2BR/1BA,884,2094.0,3,Active
U00625,P003,031,2BR/1BA,895,2247.0,4,Vacant
U00626,P003,032,2BR/1BA,882,2128.0,2,Active
U00627,P003,033,2BR/1BA,1043,1810.0,3,Notice
U00628,P003,034,2BR/1BA,1022,2124.0,4,Vacant
U00629,P003,035,2BR/1BA,947,2171.0,2,Notice
U00630,P003,036,2BR/1BA,938,1870.0,2,Active
U00631,P003,037,2BR/1BA,858,2164.0,4,Vacant
U00632,P003,038,2BR/1BA,1046,2221.0,1,Active
U00633,P003,039,2BR/1BA,902,1830.0,5,Active
U00634,P003,040,2BR/2BA,1064,2299.0,6,Active
U00635,P003,041,2BR/2BA,1012,2370.0,4,Notice
U00636,P003,042,2BR/2BA,1009,2270.0,1,Active
U00637,P003,043,2BR/2BA,1078,2497.0,2,Vacant
U00638,P003,044,2BR/2BA,1031,2289.0,6,Active
U00639,P003,045,2BR/2BA,1010,2151.0,2,Vacant
U00640,P003,046,2BR/2BA,1006,2207.0,3,Active
U00641,P003,047,2BR/2BA,1092,2474.0,6,Active
U00642,P003,048,2BR/2BA,1110,2339.0,5,Notice
U00643,P003,049,2BR/2BA,962,2486.0,6,Active
U00644,P003,050,2BR/2BA,1084,2159.0,4,Active
U00645,P003,051,2BR/2BA,988,2150.0,2,Vacant
U00646,P003,052,2BR/2BA,1071,2120.0,2,Active
U00647,P003,053,2BR/2BA,1131,2072.0,4,Active
U00648,P003,054,2BR/2BA,1093,2206.0,4,Vacant
U00649,P003,055,2BR/2BA,1085,2067.0,2,Active
U00650,P003,056,2BR/2BA,1002,2165.0,1,Notice
U00651,P003,057,2BR/2BA,1044,2046.0,6,Active
U00652,P003,058,2BR/2BA,963,2134.0,6,Vacant
U00653,P003,059,2BR/2BA,1104,2020.0,1,Active
U00654,P003,060,2BR/2BA,1144,2294.0,6,Vacant
U00655,P003,061,2BR/2BA,1005,2240.0,3,Active
U00656,P003,062,2BR/2BA,953,2106.0,2,Active
U00657,P003,063,2BR/2BA,1141,2500.0,4,Active
U00658,P003,064,2BR/2BA,1128,2302.0,2,Active
U00659,P003,065,2BR/2BA,1011,2276.0,3,Active
U00660,P003,066,2BR/2BA,1069,2267.0,3,Active
U00661,P003,067,2BR/2BA,1016,2180.0,4,Notice
U00662,P003,068,2BR/2BA,975,2401.0,6,Notice
U00663,P003,069,2BR/2BA,1144,2420.0,2,Active
U00664,P003,070,2BR/2BA,1030,2207.0,5,Active
U00665,P003,071,2BR/2BA,1139,2073.0,3,Vacant
U00666,P003,072,2BR/2BA,1099,2290.0,4,Active
U00667,P003,073,2BR/2BA,989,2098.0,2,Active
U00668,P003,074,2BR/2BA,1095,2417.0,4,Vacant
U00669,P003,075,2BR/2BA,1117,2472.0,3,Active
U00670,P003,076,2BR/2BA,1145,2411.0,6,Notice
U00671,P003,077,2BR/2BA,1067,2084.0,3,Active
U00672,P003,078,2BR/2BA,985,2360.0,4,Active
U00673,P003,079,2BR/2BA,1088,2495.0,1,Vacant
U00674,P003,080,2BR/2BA,958,2420.0,1,Active
U00675,P003,081,2BR/2BA,1145,2003.0,2,Active
U00676,P003,082,2BR/2BA,967,2354.0,1,Active
U00677,P003,083,2BR/2BA,1079,2228.0,1,Vacant
U00678,P003,084,2BR/2BA,1113,2333.0,5,Notice
U00679,P003,085,2BR/2BA,1118,2244.0,1,Vacant
U00680,P003,086,2BR/2BA,1091,2206.0,1,Vacant
U00681,P003,087,2BR/2BA,1134,2137.0,3,Active
U00682,P003,088,2BR/2BA,1078,2407.0,6,Active
U00683,P003,089,2BR/2BA,995,2054.0,1,Vacant
U00684,P003,090,2BR/2BA,988,2120.0,5,Vacant
U00685,P003,091,2BR/2BA,1014,2408.0,3,Active
U00686,P003,092,2BR/2BA,970,2187.0,4,Notice
U00687,P003,093,2BR/2BA,1094,2122.0,6,Active
U00688,P003,094,2BR/2BA,1026,2342.0,1,Active
U00689,P003,095,2BR/2BA,973,2203.0,4,Vacant
U00690,P003,096,2BR/2BA,1071,2028.0,1,Active
U00691,P003,097,2BR/2BA,971,2250.0,4,Active
U00692,P003,098,2BR/2BA,1094,2489.0,1,Vacant
U00693,P003,099,3BR/2BA,1171,2561.0,6,Vacant
U00694,P003,100,3BR/2BA,1393,2590.0,1,Active
U00695,P003,101,3BR/2BA,1428,2794.0,1,Active
U00696,P003,102,3BR/2BA,1311,2411.0,2,Vacant
U00697,P003,103,3BR/2BA,1223,2927.0,6,Active
U00698,P003,104,3BR/2BA,1189,2609.0,5,Active
U00699,P003,105,3BR/2BA,1440,2984.0,4,Vacant
U00700,P003,106,3BR/2BA,1319,2669.0,6,Active
U00701,P003,107,3BR/2BA,1190,2751.0,3,Active
U00702,P003,108,3BR/2BA,1200,2706.0,1,Active
U00703,P003,109,3BR/2BA,1353,3078.0,3,Active
U00704,P003,110,3BR/2BA,1289,2948.0,4,Notice
U00705,P003,111,3BR/2BA,1266,2649.0,4,Active
U00706,P003,112,3BR/2BA,1245,2876.0,6,Active
U00707,P003,113,3BR/2BA,1193,2941.0,3,Active
U00708,P003,114,3BR/2BA,1187,2457.0,2,Active
U00709,P003,115,3BR/2BA,1228,2918.0,3,Active
U00710,P003,116,3BR/2BA,1204,2464.0,3,Notice
U00711,P003,117,3BR/2BA,1334,2933.0,1,Active
U00712,P003,118,3BR/2BA,1194,2531.0,4,Vacant
U00713,P003,119,3BR/2BA,1434,2759.0,1,Active
U00714,P003,120,3BR/2BA,1195,2648.0,1,Vacant
U00715,P003,121,3BR/2BA,1316,3005.0,1,Active
U00716,P003,122,3BR/2BA,1361,2671.0,1,Vacant
U00717,P003,123,3BR/2BA,1274,2800.0,2,Active
U00718,P003,124,3BR/2BA,1236,2497.0,3,Active
U00719,P003,125,3BR/2BA,1402,2502.0,2,Active
U00720,P003,126,3BR/2BA,1291,2695.0,4,Active
U00721,P003,127,3BR/2BA,1334,2576.0,2,Notice
U00722,P003,128,3BR/2BA,1250,2721.0,2,Active
U00723,P003,129,3BR/2BA,1153,3064.0,3,Vacant
U00724,P003,130,3BR/2BA,1344,2963.0,3,Notice
U00725,P003,131,3BR/2BA,1321,2701.0,6,Vacant
U00726,P003,132,3BR/2BA,1219,2610.0,5,Active
U00727,P003,133,3BR/2BA,1395,2620.0,4,Active
U00728,P003,134,3BR/2BA,1299,2914.0,6,Notice
U00729,P003,135,3BR/2BA,1444,2947.0,3,Active
U00730,P003,136,3BR/2BA,1293,2972.0,4,Active
U00731,P003,137,3BR/2BA,1208,3052.0,2,Vacant
U00732,P003,138,3BR/2BA,1429,2526.0,5,Active
U00733,P003,139,3BR/2BA,1386,3060.0,2,Notice
U00734,P003,140,3BR/2BA,1299,2982.0,1,Active
U00735,P003,141,3BR/2BA,1405,2497.0,3,Active
U00736,P003,142,3BR/2BA,1279,2861.0,6,Active
U00737,P003,143,3BR/2BA,1343,2452.0,5,Notice
U00738,P003,144,3BR/2BA,1448,2681.0,5,Active
U00739,P003,145,3BR/2BA,1428,2426.0,3,Vacant
U00740,P003,146,3BR/2BA,1193,2477.0,2,Active
U00741,P003,147,3BR/2BA,1235,2853.0,1,Vacant
U00742,P003,148,3BR/2BA,1354,3077.0,3,Active
U00743,P003,149,3BR/2BA,1204,2407.0,3,Active
U00744,P003,150,3BR/2BA,1411,2923.0,5,Vacant
U00745,P003,151,3BR/2BA,1444,2555.0,3,Active
U00746,P003,152,3BR/2BA,1387,2941.0,5,Vacant
U00747,P003,153,3BR/2BA,1227,2641.0,1,Notice
U00748,P003,154,3BR/2BA,1203,2607.0,1,Active
U00749,P003,155,3BR/2BA,1222,2644.0,3,Notice
U00750,P003,156,3BR/2BA,1255,2765.0,3,Notice
U00751,P003,157,3BR/2BA,1199,2707.0,6,Notice
U00752,P003,158,3BR/2BA,1313,2447.0,1,Active
U00753,P003,159,3BR/2BA,1161,2994.0,6,Active
U00754,P003,160,3BR/2BA,1234,3051.0,6,Active
U00755,P003,161,3BR/2BA,1414,2522.0,2,Active
U00756,P003,162,3BR/2BA,1436,2698.0,4,Active
U00757,P003,163,3BR/2BA,1357,2841.0,2,Active
U00758,P003,164,3BR/2BA,1352,2420.0,5,Active
U00759,P003,165,3BR/2BA,1380,2815.0,4,Active
U00760,P003,166,3BR/2BA,1259,2544.0,6,Active
U00761,P003,167,3BR/2BA,1445,2471.0,5,Active
U00762,P003,168,3BR/2BA,1337,2628.0,4,Active
U00763,P003,169,3BR/2BA,1284,2869.0,4,Vacant
U00764,P003,170,3BR/2BA,1310,2818.0,5,Active
U00765,P003,171,3BR/2BA,1450,2480.0,3,Notice
U00766,P003,172,3BR/2BA,1238,2970.0,6,Active
U00767,P003,173,3BR/2BA,1193,2870.0,3,Active
U00768,P003,174,3BR/2BA,1272,2614.0,2,Active
U00769,P003,175,3BR/2BA,1222,2758.0,4,Vacant
U00770,P003,176,3BR/2BA,1220,2802.0,4,Active
U00771,P003,177,3BR/2BA,1399,2845.0,6,Active
U00772,P003,178,3BR/2BA,1434,2517.0,3,Active
U00773,P003,179,3BR/2BA,1245,2620.0,4,Vacant
U00774,P003,180,3BR/2BA,1177,3006.0,1,Notice
U00775,P003,181,3BR/2BA,1219,2537.0,4,Vacant
U00776,P003,182,3BR/2BA,1408,2857.0,4,Notice
U00777,P003,183,3BR/2BA,1362,2897.0,4,Notice
U00778,P003,184,3BR/2BA,1235,2458.0,1,Active
U00779,P003,185,3BR/2BA,1299,2423.0,2,Vacant
U00780,P003,186,3BR/2BA,1297,2518.0,4,Vacant
U00781,P003,187,3BR/2BA,1403,2785.0,1,Vacant
U00782,P003,188,3BR/2BA,1208,2588.0,5,Active
U00783,P003,189,3BR/2BA,1427,2976.0,1,Notice
U00784,P003,190,3BR/2BA,1429,2553.0,4,Active
U00785,P003,191,3BR/2BA,1276,2608.0,1,Notice
U00786,P003,192,3BR/2BA,1284,2644.0,1,Notice
U00787,P003,193,3BR/2BA,1210,2943.0,2,Active
U00788,P003,194,3BR/2BA,1329,3003.0,5,Active
U00789,P003,195,3BR/2BA,1234,2831.0,2,Active
U00790,P003,196,3BR/2BA,1180,2799.0,5,Active
U00791,P003,197,3BR/2BA,1425,2518.0,6,Active
U00792,P004,001,Studio,524,1522.0,5,Active
U00793,P004,002,Studio,484,1639.0,4,Active
U00794,P004,003,Studio,520,1610.0,2,Active
U00795,P004,004,Studio,513,1394.0,3,Active
U00796,P004,005,Studio,550,1497.0,5,Active
U00797,P004,006,Studio,556,1463.0,1,Active
U00798,P004,007,Studio,553,1505.0,3,Active
U00799,P004,008,Studio,566,1635.0,3,Vacant
U00800,P004,009,Studio,450,1611.0,6,Active
U00801,P004,010,Studio,567,1540.0,6,Active
U00802,P004,011,Studio,466,1589.0,4,Active
U00803,P004,012,Studio,559,1597.0,4,Active
U00804,P004,013,Studio,532,1599.0,3,Vacant
U00805,P004,014,Studio,597,1389.0,4,Active
U00806,P004,015,Studio,462,1364.0,6,Notice
U00807,P004,016,Studio,454,1387.0,2,Notice
U00808,P004,017,Studio,566,1350.0,4,Active
U00809,P004,018,Studio,483,1615.0,3,Active
U00810,P004,019,Studio,520,1378.0,3,Active
U00811,P004,020,Studio,471,1462.0,6,Active
U00812,P004,021,Studio,463,1469.0,3,Active
U00813,P004,022,Studio,559,1547.0,6,Active
U00814,P004,023,Studio,450,1414.0,1,Active
U00815,P004,024,Studio,507,1506.0,4,Active
U00816,P004,025,Studio,452,1559.0,1,Active
U00817,P004,026,Studio,483,1493.0,2,Active
U00818,P004,027,Studio,472,1569.0,1,Active
U00819,P004,028,Studio,530,1460.0,3,Active
U00820,P004,029,1BR/1BA,747,1859.0,2,Active
U00821,P004,030,1BR/1BA,667,1762.0,1,Vacant
U00822,P004,031,1BR/1BA,816,1616.0,3,Active
U00823,P004,032,1BR/1BA,810,1849.0,4,Vacant
U00824,P004,033,1BR/1BA,825,1727.0,2,Active
U00825,P004,034,1BR/1BA,675,1606.0,1,Vacant
U00826,P004,035,1BR/1BA,836,1704.0,4,Active
U00827,P004,036,1BR/1BA,685,1649.0,6,Active
U00828,P004,037,1BR/1BA,713,1771.0,5,Vacant
U00829,P004,038,1BR/1BA,722,1862.0,6,Active
U00830,P004,039,1BR/1BA,818,1900.0,2,Vacant
U00831,P004,040,1BR/1BA,805,1754.0,6,Active
U00832,P004,041,1BR/1BA,725,1808.0,2,Notice
U00833,P004,042,1BR/1BA,748,1595.0,4,Vacant
U00834,P004,043,1BR/1BA,668,1761.0,1,Active
U00835,P004,044,1BR/1BA,731,1603.0,5,Active
U00836,P004,045,1BR/1BA,743,1769.0,2,Notice
U00837,P004,046,1BR/1BA,847,1579.0,5,Active
U00838,P004,047,1BR/1BA,653,1655.0,1,Active
U00839,P004,048,1BR/1BA,751,1753.0,6,Vacant
U00840,P004,049,1BR/1BA,846,1716.0,6,Active
U00841,P004,050,1BR/1BA,671,1806.0,5,Vacant
U00842,P004,051,1BR/1BA,689,1661.0,3,Active
U00843,P004,052,1BR/1BA,780,1918.0,2,Vacant
U00844,P004,053,1BR/1BA,733,1706.0,6,Active
U00845,P004,054,1BR/1BA,729,1829.0,6,Active
U00846,P004,055,1BR/1BA,664,1648.0,4,Active
U00847,P004,056,1BR/1BA,766,1795.0,1,Active
U00848,P004,057,1BR/1BA,820,1847.0,6,Active
U00849,P004,058,1BR/1BA,680,1555.0,2,Active
U00850,P004,059,1BR/1BA,691,1749.0,3,Vacant
U00851,P004,060,1BR/1BA,782,1863.0,6,Active
U00852,P004,061,1BR/1BA,692,1699.0,6,Active
U00853,P004,062,1BR/1BA,837,1905.0,1,Active
U00854,P004,063,1BR/1BA,759,1659.0,1,Active
U00855,P004,064,1BR/1BA,832,1940.0,6,Active
U00856,P004,065,1BR/1BA,777,1732.0,3,Active
U00857,P004,066,1BR/1BA,777,1894.0,2,Active
U00858,P004,067,1BR/1BA,690,1652.0,1,Vacant
U00859,P004,068,1BR/1BA,822,1839.0,2,Vacant
U00860,P004,069,1BR/1BA,650,1568.0,1,Active
U00861,P004,070,1BR/1BA,661,1739.0,4,Active
U00862,P004,071,1BR/1BA,695,1922.0,1,Vacant
U00863,P004,072,1BR/1BA,832,1846.0,4,Active
U00864,P004,073,1BR/1BA,732,1649.0,6,Active
U00865,P004,074,1BR/1BA,719,1880.0,5,Active
U00866,P004,075,1BR/1BA,680,1751.0,1,Active
U00867,P004,076,1BR/1BA,707,1872.0,1,Active
U00868,P004,077,1BR/1BA,667,1901.0,3,Active
U00869,P004,078,1BR/1BA,733,1585.0,4,Active
U00870,P004,079,1BR/1BA,744,1630.0,5,Active
U00871,P004,080,1BR/1BA,839,1799.0,4,Active
U00872,P004,081,1BR/1BA,801,1939.0,2,Vacant
U00873,P004,082,1BR/1BA,844,1868.0,2,Active
U00874,P004,083,1BR/1BA,754,1560.0,5,Active
U00875,P004,084,1BR/1BA,812,1886.0,1,Active
U00876,P004,085,1BR/1BA,650,1854.0,4,Active
U00877,P004,086,1BR/1BA,676,1632.0,2,Active
U00878,P004,087,1BR/1BA,775,1934.0,2,Active
U00879,P004,088,1BR/1BA,673,1568.0,2,Vacant
U00880,P004,089,1BR/1BA,755,1830.0,3,Notice
U00881,P004,090,1BR/1BA,841,1584.0,1,Vacant
U00882,P004,091,1BR/1BA,684,1805.0,4,Active
U00883,P004,092,1BR/1BA,801,1777.0,4,Active
U00884,P004,093,1BR/1BA,710,1667.0,3,Active
U00885,P004,094,1BR/1BA,829,1883.0,3,Active
U00886,P004,095,1BR/1BA,765,1659.0,1,Active
U00887,P004,096,1BR/1BA,684,1862.0,5,Active
U00888,P004,097,1BR/1BA,689,1592.0,4,Notice
U00889,P004,098,1BR/1BA,730,1713.0,5,Active
U00890,P004,099,1BR/1BA,847,1633.0,3,Notice
U00891,P004,100,1BR/1BA,717,1891.0,1,Active
U00892,P004,101,1BR/1BA,825,1672.0,6,Vacant
U00893,P004,102,1BR/1BA,660,1636.0,3,Active
U00894,P004,103,1BR/1BA,673,1834.0,3,Active
U00895,P004,104,1BR/1BA,781,1570.0,3,Active
U00896,P004,105,1BR/1BA,694,1562.0,4,Notice
U00897,P004,106,1BR/1BA,792,1849.0,2,Active
U00898,P004,107,1BR/1BA,768,1591.0,2,Active
U00899,P004,108,1BR/1BA,653,1575.0,2,Active
U00900,P004,109,1BR/1BA,700,1879.0,3,Active
U00901,P004,110,1BR/1BA,799,1784.0,1,Active
U00902,P004,111,1BR/1BA,666,1629.0,6,Notice
U00903,P004,112,1BR/1BA,682,1587.0,3,Active
U00904,P004,113,1BR/1BA,660,1927.0,1,Active
U00905,P004,114,1BR/1BA,796,1723.0,6,Active
U00906,P004,115,2BR/1BA,977,1813.0,6,Active
U00907,P004,116,2BR/1BA,894,1959.0,2,Active
U00908,P004,117,2BR/1BA,921,2001.0,2,Active
U00909,P004,118,2BR/1BA,1007,2079.0,2,Active
U00910,P004,119,2BR/1BA,977,1985.0,5,Notice
U00911,P004,120,2BR/1BA,865,1839.0,4,Active
U00912,P004,121,2BR/1BA,957,1890.0,5,Active
U00913,P004,122,2BR/1BA,1011,2247.0,5,Active
U00914,P004,123,2BR/1BA,947,2152.0,3,Notice
U00915,P004,124,2BR/1BA,989,2152.0,3,Vacant
U00916,P004,125,2BR/1BA,978,1945.0,3,Active
U00917,P004,126,2BR/1BA,856,1943.0,2,Active
U00918,P004,127,2BR/1BA,1049,1926.0,4,Vacant
U00919,P004,128,2BR/1BA,941,2145.0,2,Active
U00920,P004,129,2BR/1BA,875,1912.0,2,Active
U00921,P004,130,2BR/1BA,986,2167.0,6,Active
U00922,P004,131,2BR/1BA,1045,2248.0,2,Vacant
U00923,P004,132,2BR/1BA,949,1960.0,2,Active
U00924,P004,133,2BR/1BA,910,2067.0,6,Active
U00925,P004,134,2BR/1BA,1001,1813.0,6,Active
U00926,P004,135,2BR/1BA,995,2054.0,5,Active
U00927,P004,136,2BR/1BA,976,2044.0,2,Notice
U00928,P004,137,2BR/1BA,859,1841.0,2,Vacant
U00929,P004,138,2BR/1BA,906,1809.0,4,Active
U00930,P004,139,2BR/1BA,934,2213.0,2,Active
U00931,P004,140,2BR/1BA,937,2123.0,3,Active
U00932,P004,141,2BR/1BA,855,1866.0,6,Active
U00933,P004,142,2BR/1BA,1048,1850.0,5,Active
U00934,P004,143,2BR/2BA,968,2187.0,6,Active
U00935,P004,144,2BR/2BA,1100,2051.0,3,Active
U00936,P004,145,2BR/2BA,984,2488.0,6,Active
U00937,P004,146,2BR/2BA,1113,2480.0,6,Active
U00938,P004,147,2BR/2BA,994,2354.0,5,Vacant
U00939,P004,148,2BR/2BA,1041,2112.0,5,Active
U00940,P004,149,2BR/2BA,1046,2153.0,6,Active
U00941,P004,150,2BR/2BA,982,2089.0,1,Vacant
U00942,P004,151,2BR/2BA,1050,2425.0,5,Active
U00943,P004,152,2BR/2BA,996,2301.0,5,Active
U00944,P004,153,2BR/2BA,1113,2283.0,4,Active
U00945,P004,154,2BR/2BA,1034,2373.0,2,Active
U00946,P004,155,2BR/2BA,1031,2084.0,1,Active
U00947,P004,156,2BR/2BA,1064,2006.0,2,Active
U00948,P004,157,2BR/2BA,1127,2034.0,3,Active
U00949,P004,158,2BR/2BA,1134,2001.0,4,Notice
U00950,P004,159,2BR/2BA,1137,2210.0,2,Active
U00951,P004,160,2BR/2BA,1076,2441.0,3,Vacant
U00952,P004,161,2BR/2BA,1046,2051.0,4,Vacant
U00953,P004,162,2BR/2BA,1116,2379.0,2,Active
U00954,P004,163,2BR/2BA,1065,2037.0,1,Active
U00955,P004,164,2BR/2BA,955,2159.0,1,Active
U00956,P004,165,2BR/2BA,1037,2085.0,4,Active
U00957,P004,166,2BR/2BA,1137,2038.0,1,Active
U00958,P004,167,2BR/2BA,1102,2493.0,4,Active
U00959,P004,168,2BR/2BA,1060,2471.0,2,Vacant
U00960,P004,169,2BR/2BA,1061,2079.0,1,Active
U00961,P004,170,2BR/2BA,1002,2487.0,4,Vacant
U00962,P004,171,2BR/2BA,1134,2463.0,5,Active
U00963,P004,172,2BR/2BA,1119,2141.0,2,Active
U00964,P004,173,2BR/2BA,962,2196.0,5,Notice
U00965,P004,174,2BR/2BA,989,2027.0,1,Active
U00966,P004,175,2BR/2BA,972,2147.0,6,Vacant
U00967,P004,176,2BR/2BA,1072,2100.0,1,Active
U00968,P004,177,2BR/2BA,993,2319.0,1,Notice
U00969,P004,178,2BR/2BA,979,2154.0,4,Notice
U00970,P004,179,2BR/2BA,1075,2447.0,3,Active
U00971,P004,180,2BR/2BA,1114,2272.0,2,Active
U00972,P004,181,2BR/2BA,1047,2185.0,4,Active
U00973,P004,182,2BR/2BA,1017,2220.0,3,Active
U00974,P004,183,2BR/2BA,1018,2282.0,2,Active
U00975,P004,184,2BR/2BA,971,2334.0,5,Active
U00976,P004,185,2BR/2BA,1143,2295.0,5,Active
U00977,P004,186,2BR/2BA,1049,2409.0,4,Vacant
U00978,P004,187,2BR/2BA,1125,2433.0,4,Vacant
U00979,P004,188,2BR/2BA,1010,2238.0,1,Active
U00980,P004,189,2BR/2BA,1132,2017.0,5,Vacant
U00981,P004,190,2BR/2BA,1096,2339.0,5,Active
U00982,P004,191,2BR/2BA,980,2475.0,4,Active
U00983,P004,192,2BR/2BA,992,2486.0,2,Active
U00984,P004,193,2BR/2BA,960,2212.0,6,Active
U00985,P004,194,2BR/2BA,1001,2499.0,6,Active
U00986,P004,195,2BR/2BA,1102,2129.0,6,Active
U00987,P004,196,2BR/2BA,972,2194.0,4,Vacant
U00988,P004,197,2BR/2BA,1033,2428.0,5,Notice
U00989,P004,198,2BR/2BA,953,2393.0,5,Vacant
U00990,P004,199,2BR/2BA,1083,2391.0,1,Active
U00991,P004,200,2BR/2BA,988,2074.0,5,Vacant
U00992,P004,201,2BR/2BA,1144,2482.0,1,Active
U00993,P004,202,2BR/2BA,1094,2390.0,3,Vacant
U00994,P004,203,2BR/2BA,1038,2439.0,3,Active
U00995,P004,204,2BR/2BA,1117,2243.0,5,Notice
U00996,P004,205,2BR/2BA,959,2086.0,4,Active
U00997,P004,206,2BR/2BA,1108,2304.0,6,Active
U00998,P004,207,2BR/2BA,959,2198.0,3,Active
U00999,P004,208,2BR/2BA,962,2373.0,3,Active
U01000,P004,209,2BR/2BA,955,2169.0,3,Active
U01001,P004,210,2BR/2BA,1021,2421.0,6,Active
U01002,P004,211,2BR/2BA,1008,2067.0,6,Notice
U01003,P004,212,2BR/2BA,1148,2413.0,3,Active
U01004,P004,213,2BR/2BA,1104,2323.0,2,Notice
U01005,P004,214,2BR/2BA,1004,2457.0,4,Notice
U01006,P004,215,2BR/2BA,1144,2258.0,3,Active
U01007,P004,216,2BR/2BA,1081,2396.0,1,Active
U01008,P004,217,2BR/2BA,1131,2253.0,2,Vacant
U01009,P004,218,2BR/2BA,1095,2014.0,2,Active
U01010,P004,219,2BR/2BA,964,2125.0,4,Active
U01011,P004,220,2BR/2BA,1042,2352.0,3,Active
U01012,P004,221,2BR/2BA,1068,2253.0,6,Active
U01013,P004,222,2BR/2BA,1124,2015.0,3,Notice
U01014,P004,223,2BR/2BA,1102,2223.0,4,Vacant
U01015,P004,224,2BR/2BA,1091,2175.0,2,Active
U01016,P004,225,2BR/2BA,1141,2415.0,1,Active
U01017,P004,226,2BR/2BA,957,2193.0,2,Vacant
U01018,P004,227,2BR/2BA,1149,2482.0,2,Active
U01019,P004,228,2BR/2BA,1123,2103.0,6,Active
U01020,P004,229,2BR/2BA,1081,2010.0,6,Active
U01021,P004,230,2BR/2BA,1071,2456.0,6,Active
U01022,P004,231,2BR/2BA,1103,2400.0,2,Active
U01023,P004,232,2BR/2BA,1105,2403.0,3,Active
U01024,P004,233,2BR/2BA,1058,2448.0,3,Notice
U01025,P004,234,2BR/2BA,1014,2109.0,3,Vacant
U01026,P004,235,2BR/2BA,1109,2199.0,1,Active
U01027,P004,236,2BR/2BA,1080,2500.0,3,Vacant
U01028,P004,237,2BR/2BA,1115,2297.0,3,Active
U01029,P004,238,2BR/2BA,1125,2054.0,1,Active
U01030,P004,239,2BR/2BA,1020,2320.0,3,Active
U01031,P004,240,2BR/2BA,1117,2356.0,6,Active
U01032,P004,241,2BR/2BA,998,2075.0,2,Active
U01033,P004,242,2BR/2BA,1103,2202.0,3,Active
U01034,P004,243,2BR/2BA,1134,2013.0,4,Active
U01035,P004,244,2BR/2BA,1016,2453.0,4,Active
U01036,P004,245,2BR/2BA,1138,2018.0,6,Vacant
U01037,P004,246,2BR/2BA,998,2172.0,6,Active
U01038,P004,247,2BR/2BA,1125,2267.0,4,Active
U01039,P004,248,2BR/2BA,1079,2150.0,2,Vacant
U01040,P004,249,2BR/2BA,996,2147.0,4,Active
U01041,P004,250,2BR/2BA,1139,2129.0,5,Active
U01042,P004,251,2BR/2BA,1124,2450.0,6,Active
U01043,P004,252,2BR/2BA,1006,2178.0,6,Active
U01044,P004,253,2BR/2BA,1057,2394.0,3,Active
U01045,P004,254,2BR/2BA,1016,2293.0,4,Active
U01046,P004,255,2BR/2BA,1070,2027.0,6,Vacant
U01047,P004,256,2BR/2BA,1098,2472.0,1,Notice
U01048,P004,257,3BR/2BA,1249,2750.0,6,Active
U01049,P004,258,3BR/2BA,1421,2609.0,1,Active
U01050,P004,259,3BR/2BA,1220,3095.0,3,Active
U01051,P004,260,3BR/2BA,1441,3025.0,4,Active
U01052,P004,261,3BR/2BA,1311,3004.0,2,Active
U01053,P004,262,3BR/2BA,1399,2633.0,2,Active
U01054,P004,263,3BR/2BA,1179,2403.0,3,Active
U01055,P004,264,3BR/2BA,1236,2803.0,2,Notice
U01056,P004,265,3BR/2BA,1195,2491.0,4,Active
U01057,P004,266,3BR/2BA,1356,2700.0,4,Active
U01058,P004,267,3BR/2BA,1152,2426.0,2,Active
U01059,P004,268,3BR/2BA,1157,3024.0,5,Active
U01060,P004,269,3BR/2BA,1159,2874.0,6,Active
U01061,P004,270,3BR/2BA,1265,2885.0,3,Active
U01062,P004,271,3BR/2BA,1216,2472.0,5,Vacant
U01063,P004,272,3BR/2BA,1306,2517.0,1,Active
U01064,P004,273,3BR/2BA,1298,2719.0,5,Vacant
U01065,P004,274,3BR/2BA,1418,2636.0,6,Active
U01066,P004,275,3BR/2BA,1325,3097.0,4,Active
U01067,P004,276,3BR/2BA,1246,2515.0,4,Active
U01068,P004,277,3BR/2BA,1266,2557.0,2,Active
U01069,P004,278,3BR/2BA,1161,2813.0,2,Active
U01070,P004,279,3BR/2BA,1337,2898.0,1,Active
U01071,P004,280,3BR/2BA,1280,2940.0,5,Active
U01072,P004,281,3BR/2BA,1174,2863.0,6,Active
U01073,P004,282,3BR/2BA,1174,2883.0,4,Notice
U01074,P004,283,3BR/2BA,1344,2487.0,3,Notice
U01075,P004,284,3BR/2BA,1228,2544.0,6,Active
U01076,P005,001,Studio,527,1476.0,1,Vacant
U01077,P005,002,Studio,519,1537.0,6,Active
U01078,P005,003,Studio,557,1599.0,1,Vacant
U01079,P005,004,Studio,480,1435.0,1,Notice
U01080,P005,005,Studio,500,1533.0,3,Vacant
U01081,P005,006,Studio,501,1457.0,4,Active
U01082,P005,007,Studio,491,1362.0,4,Active
U01083,P005,008,Studio,573,1449.0,1,Active
U01084,P005,009,Studio,472,1622.0,5,Notice
U01085,P005,010,Studio,488,1635.0,5,Active
U01086,P005,011,Studio,475,1621.0,6,Active
U01087,P005,012,Studio,566,1647.0,3,Active
U01088,P005,013,Studio,568,1365.0,2,Active
U01089,P005,014,Studio,524,1458.0,6,Active
U01090,P005,015,Studio,559,1572.0,1,Active
U01091,P005,016,Studio,452,1606.0,6,Active
U01092,P005,017,Studio,534,1457.0,4,Vacant
U01093,P005,018,Studio,518,1614.0,1,Active
U01094,P005,019,Studio,537,1405.0,4,Active
U01095,P005,020,Studio,566,1432.0,4,Notice
U01096,P005,021,Studio,557,1545.0,2,Active
U01097,P005,022,Studio,483,1559.0,1,Active
U01098,P005,023,Studio,476,1475.0,5,Notice
U01099,P005,024,Studio,595,1554.0,2,Vacant
U01100,P005,025,Studio,547,1584.0,5,Active
U01101,P005,026,Studio,483,1495.0,4,Active
U01102,P005,027,Studio,555,1482.0,1,Active
U01103,P005,028,Studio,530,1354.0,6,Vacant
U01104,P005,029,Studio,597,1567.0,2,Active
U01105,P005,030,Studio,582,1507.0,6,Vacant
U01106,P005,031,Studio,474,1480.0,6,Active
U01107,P005,032,Studio,573,1454.0,6,Active
U01108,P005,033,Studio,488,1602.0,5,Vacant
U01109,P005,034,1BR/1BA,663,1555.0,2,Vacant
U01110,P005,035,1BR/1BA,770,1891.0,2,Active
U01111,P005,036,1BR/1BA,842,1747.0,2,Active
U01112,P005,037,1BR/1BA,721,1570.0,2,Vacant
U01113,P005,038,1BR/1BA,814,1701.0,2,Active
U01114,P005,039,1BR/1BA,767,1728.0,5,Notice
U01115,P005,040,1BR/1BA,672,1893.0,4,Active
U01116,P005,041,1BR/1BA,680,1942.0,6,Active
U01117,P005,042,1BR/1BA,676,1711.0,1,Vacant
U01118,P005,043,1BR/1BA,790,1550.0,1,Vacant
U01119,P005,044,1BR/1BA,808,1805.0,5,Vacant
U01120,P005,045,1BR/1BA,702,1812.0,4,Active
U01121,P005,046,1BR/1BA,743,1880.0,2,Notice
U01122,P005,047,1BR/1BA,734,1774.0,5,Vacant
U01123,P005,048,1BR/1BA,771,1837.0,3,Notice
U01124,P005,049,1BR/1BA,679,1589.0,6,Active
U01125,P005,050,1BR/1BA,650,1687.0,6,Active
U01126,P005,051,1BR/1BA,790,1759.0,6,Active
U01127,P005,052,1BR/1BA,661,1909.0,4,Active
U01128,P005,053,1BR/1BA,833,1847.0,4,Active
U01129,P005,054,1BR/1BA,715,1794.0,2,Active
U01130,P005,055,1BR/1BA,750,1636.0,2,Active
U01131,P005,056,1BR/1BA,677,1853.0,1,Vacant
U01132,P005,057,1BR/1BA,681,1859.0,4,Notice
U01133,P005,058,1BR/1BA,818,1786.0,5,Active
U01134,P005,059,1BR/1BA,777,1552.0,6,Active
U01135,P005,060,1BR/1BA,791,1924.0,5,Notice
U01136,P005,061,1BR/1BA,780,1862.0,2,Vacant
U01137,P005,062,1BR/1BA,694,1842.0,2,Active
U01138,P005,063,1BR/1BA,749,1813.0,5,Active
U01139,P005,064,1BR/1BA,779,1903.0,4,Vacant
U01140,P005,065,1BR/1BA,827,1855.0,3,Active
U01141,P005,066,1BR/1BA,737,1938.0,4,Active
U01142,P005,067,1BR/1BA,685,1715.0,6,Vacant
U01143,P005,068,1BR/1BA,726,1887.0,5,Active
U01144,P005,069,1BR/1BA,832,1845.0,5,Active
U01145,P005,070,1BR/1BA,701,1634.0,6,Active
U01146,P005,071,1BR/1BA,825,1688.0,6,Active
U01147,P005,072,1BR/1BA,831,1810.0,2,Vacant
U01148,P005,073,1BR/1BA,788,1828.0,3,Active
U01149,P005,074,1BR/1BA,844,1691.0,4,Vacant
U01150,P005,075,1BR/1BA,796,1927.0,6,Active
U01151,P005,076,1BR/1BA,822,1849.0,5,Active
U01152,P005,077,1BR/1BA,758,1873.0,5,Active
U01153,P005,078,1BR/1BA,656,1702.0,1,Active
U01154,P005,079,1BR/1BA,701,1657.0,2,Active
U01155,P005,080,1BR/1BA,824,1650.0,1,Active
U01156,P005,081,1BR/1BA,702,1851.0,1,Active
U01157,P005,082,1BR/1BA,765,1591.0,6,Vacant
U01158,P005,083,1BR/1BA,707,1847.0,5,Active
U01159,P005,084,1BR/1BA,710,1754.0,6,Active
U01160,P005,085,1BR/1BA,827,1816.0,4,Active
U01161,P005,086,1BR/1BA,756,1933.0,6,Active
U01162,P005,087,1BR/1BA,791,1572.0,6,Active
U01163,P005,088,1BR/1BA,701,1798.0,4,Active
U01164,P005,089,1BR/1BA,812,1832.0,6,Active
U01165,P005,090,1BR/1BA,843,1785.0,6,Vacant
U01166,P005,091,1BR/1BA,700,1860.0,2,Active
U01167,P005,092,1BR/1BA,764,1621.0,6,Active
U01168,P005,093,1BR/1BA,697,1935.0,6,Vacant
U01169,P005,094,1BR/1BA,680,1701.0,4,Active
U01170,P005,095,1BR/1BA,792,1656.0,2,Vacant
U01171,P005,096,1BR/1BA,715,1552.0,4,Active
U01172,P005,097,1BR/1BA,660,1611.0,3,Vacant
U01173,P005,098,1BR/1BA,663,1859.0,6,Vacant
U01174,P005,099,1BR/1BA,819,1670.0,5,Vacant
U01175,P005,100,1BR/1BA,741,1579.0,6,Active
U01176,P005,101,1BR/1BA,784,1638.0,2,Vacant
U01177,P005,102,1BR/1BA,667,1865.0,2,Active
U01178,P005,103,1BR/1BA,789,1765.0,1,Active
U01179,P005,104,1BR/1BA,706,1903.0,6,Active
U01180,P005,105,1BR/1BA,734,1694.0,2,Vacant
U01181,P005,106,1BR/1BA,785,1740.0,5,Active
U01182,P005,107,1BR/1BA,679,1818.0,4,Active
U01183,P005,108,1BR/1BA,814,1795.0,5,Active
U01184,P005,109,1BR/1BA,660,1823.0,3,Active
U01185,P005,110,1BR/1BA,679,1704.0,5,Active
U01186,P005,111,1BR/1BA,656,1915.0,3,Vacant
U01187,P005,112,2BR/1BA,980,2001.0,1,Active
U01188,P005,113,2BR/1BA,1016,1887.0,5,Active
U01189,P005,114,2BR/1BA,874,1875.0,5,Vacant
U01190,P005,115,2BR/1BA,851,2082.0,2,Active
U01191,P005,116,2BR/1BA,1025,1991.0,1,Active
U01192,P005,117,2BR/1BA,987,2173.0,6,Active
U01193,P005,118,2BR/1BA,1015,2168.0,1,Active
U01194,P005,119,2BR/1BA,856,2007.0,3,Active
U01195,P005,120,2BR/1BA,872,1833.0,2,Active
U01196,P005,121,2BR/1BA,992,1832.0,2,Active
U01197,P005,122,2BR/1BA,954,1975.0,6,Active
U01198,P005,123,2BR/1BA,960,1942.0,4,Active
U01199,P005,124,2BR/1BA,986,1803.0,6,Vacant
U01200,P005,125,2BR/1BA,866,2140.0,5,Active
U01201,P005,126,2BR/1BA,1029,2182.0,3,Vacant
U01202,P005,127,2BR/1BA,877,1930.0,6,Active
U01203,P005,128,2BR/1BA,1005,1839.0,4,Active
U01204,P005,129,2BR/1BA,951,2170.0,1,Notice
U01205,P005,130,2BR/1BA,890,2040.0,2,Active
U01206,P005,131,2BR/1BA,989,1933.0,6,Active
U01207,P005,132,2BR/1BA,926,2105.0,6,Active
U01208,P005,133,2BR/1BA,852,2049.0,5,Active
U01209,P005,134,2BR/2BA,981,2021.0,5,Vacant
U01210,P005,135,2BR/2BA,1050,2269.0,1,Active
U01211,P005,136,2BR/2BA,1003,2374.0,6,Active
U01212,P005,137,2BR/2BA,1004,2206.0,6,Vacant
U01213,P005,138,2BR/2BA,986,2080.0,2,Vacant
U01214,P005,139,2BR/2BA,1014,2097.0,2,Vacant
U01215,P005,140,2BR/2BA,963,2426.0,5,Notice
U01216,P005,141,2BR/2BA,1115,2275.0,3,Active
U01217,P005,142,2BR/2BA,1014,2049.0,6,Vacant
U01218,P005,143,2BR/2BA,1074,2476.0,3,Active
U01219,P005,144,2BR/2BA,1121,2328.0,1,Active
U01220,P005,145,2BR/2BA,1108,2035.0,2,Active
U01221,P005,146,2BR/2BA,1074,2225.0,5,Active
U01222,P005,147,2BR/2BA,1127,2292.0,5,Vacant
U01223,P005,148,2BR/2BA,1043,2404.0,4,Active
U01224,P005,149,2BR/2BA,951,2157.0,2,Active
U01225,P005,150,2BR/2BA,1020,2420.0,2,Active
U01226,P005,151,2BR/2BA,1072,2231.0,3,Active
U01227,P005,152,2BR/2BA,1074,2276.0,2,Vacant
U01228,P005,153,2BR/2BA,970,2421.0,2,Vacant
U01229,P005,154,2BR/2BA,1000,2132.0,6,Active
U01230,P005,155,2BR/2BA,1136,2038.0,1,Vacant
U01231,P005,156,2BR/2BA,1111,2016.0,5,Vacant
U01232,P005,157,2BR/2BA,1053,2385.0,2,Active
U01233,P005,158,2BR/2BA,1091,2130.0,5,Notice
U01234,P005,159,2BR/2BA,1117,2388.0,3,Active
U01235,P005,160,2BR/2BA,1007,2446.0,5,Active
U01236,P005,161,2BR/2BA,984,2232.0,5,Active
U01237,P005,162,2BR/2BA,1051,2182.0,1,Active
U01238,P005,163,2BR/2BA,1107,2342.0,5,Active
U01239,P005,164,2BR/2BA,1064,2080.0,5,Vacant
U01240,P005,165,2BR/2BA,1118,2436.0,2,Notice
U01241,P005,166,2BR/2BA,1041,2020.0,4,Active
U01242,P005,167,2BR/2BA,966,2132.0,2,Active
U01243,P005,168,2BR/2BA,1121,2103.0,3,Active
U01244,P005,169,2BR/2BA,1070,2459.0,1,Active
U01245,P005,170,2BR/2BA,1116,2162.0,6,Vacant
U01246,P005,171,2BR/2BA,1112,2415.0,6,Active
U01247,P005,172,2BR/2BA,1098,2272.0,2,Active
U01248,P005,173,2BR/2BA,1117,2189.0,5,Active
U01249,P005,174,2BR/2BA,1082,2126.0,2,Vacant
U01250,P005,175,2BR/2BA,1053,2176.0,3,Notice
U01251,P005,176,2BR/2BA,1073,2444.0,1,Vacant
U01252,P005,177,2BR/2BA,985,2220.0,2,Active
U01253,P005,178,2BR/2BA,1081,2322.0,2,Active
U01254,P005,179,2BR/2BA,997,2079.0,5,Active
U01255,P005,180,2BR/2BA,1119,2115.0,3,Active
U01256,P005,181,2BR/2BA,1073,2338.0,4,Active
U01257,P005,182,2BR/2BA,1101,2081.0,4,Active
U01258,P005,183,2BR/2BA,1012,2022.0,5,Vacant
U01259,P005,184,2BR/2BA,991,2067.0,5,Active
U01260,P005,185,2BR/2BA,1096,2073.0,2,Active
U01261,P005,186,2BR/2BA,996,2258.0,4,Vacant
U01262,P005,187,2BR/2BA,1094,2319.0,6,Active
U01263,P005,188,2BR/2BA,971,2108.0,5,Notice
U01264,P005,189,2BR/2BA,1073,2085.0,4,Vacant
U01265,P005,190,2BR/2BA,986,2397.0,2,Vacant
U01266,P005,191,2BR/2BA,1118,2255.0,2,Active
U01267,P005,192,2BR/2BA,1066,2298.0,1,Active
U01268,P005,193,2BR/2BA,1046,2193.0,1,Active
U01269,P005,194,2BR/2BA,1001,2261.0,5,Active
U01270,P005,195,2BR/2BA,988,2303.0,2,Notice
U01271,P005,196,2BR/2BA,1107,2300.0,5,Vacant
U01272,P005,197,2BR/2BA,1142,2059.0,4,Active
U01273,P005,198,2BR/2BA,1104,2270.0,1,Active
U01274,P005,199,2BR/2BA,1083,2210.0,1,Vacant
U01275,P005,200,2BR/2BA,1059,2115.0,4,Active
U01276,P005,201,3BR/2BA,1329,2812.0,6,Vacant
U01277,P005,202,3BR/2BA,1200,2698.0,3,Notice
U01278,P005,203,3BR/2BA,1269,3037.0,1,Active
U01279,P005,204,3BR/2BA,1428,2686.0,2,Active
U01280,P005,205,3BR/2BA,1153,2805.0,1,Vacant
U01281,P005,206,3BR/2BA,1153,2663.0,2,Active
U01282,P005,207,3BR/2BA,1359,2654.0,2,Active
U01283,P005,208,3BR/2BA,1449,2578.0,5,Active
U01284,P005,209,3BR/2BA,1439,2656.0,3,Active
U01285,P005,210,3BR/2BA,1254,2689.0,5,Notice
U01286,P005,211,3BR/2BA,1241,2659.0,5,Notice
U01287,P005,212,3BR/2BA,1279,3092.0,5,Active
U01288,P005,213,3BR/2BA,1353,2915.0,6,Active
U01289,P005,214,3BR/2BA,1267,2713.0,6,Active
U01290,P005,215,3BR/2BA,1201,2550.0,4,Active
U01291,P005,216,3BR/2BA,1431,2830.0,6,Active
U01292,P005,217,3BR/2BA,1232,2672.0,6,Active
U01293,P005,218,3BR/2BA,1196,2976.0,4,Vacant
U01294,P005,219,3BR/2BA,1372,2462.0,3,Active
U01295,P005,220,3BR/2BA,1339,2456.0,1,Active
U01296,P005,221,3BR/2BA,1355,2830.0,5,Active
U01297,P005,222,3BR/2BA,1179,3062.0,2,Notice
U01298,P006,001,Studio,562,1353.0,5,Active
U01299,P006,002,Studio,499,1360.0,5,Vacant
U01300,P006,003,Studio,582,1560.0,5,Active
U01301,P006,004,Studio,459,1458.0,1,Active
U01302,P006,005,Studio,472,1649.0,4,Active
U01303,P006,006,Studio,551,1472.0,2,Vacant
U01304,P006,007,Studio,453,1571.0,1,Active
U01305,P006,008,Studio,590,1435.0,5,Vacant
U01306,P006,009,Studio,539,1454.0,3,Active
U01307,P006,010,Studio,499,1486.0,4,Vacant
U01308,P006,011,Studio,451,1428.0,4,Vacant
U01309,P006,012,Studio,477,1518.0,5,Active
U01310,P006,013,Studio,537,1634.0,5,Active
U01311,P006,014,Studio,587,1594.0,5,Active
U01312,P006,015,Studio,563,1640.0,5,Notice
U01313,P006,016,Studio,512,1577.0,4,Notice
U01314,P006,017,Studio,600,1609.0,4,Active
U01315,P006,018,Studio,516,1370.0,2,Active
U01316,P006,019,Studio,530,1474.0,3,Vacant
U01317,P006,020,Studio,587,1353.0,3,Active
U01318,P006,021,Studio,523,1378.0,3,Active
U01319,P006,022,Studio,591,1629.0,4,Active
U01320,P006,023,Studio,540,1416.0,5,Active
U01321,P006,024,Studio,496,1634.0,2,Notice
U01322,P006,025,Studio,501,1420.0,2,Active
U01323,P006,026,Studio,502,1419.0,2,Vacant
U01324,P006,027,Studio,541,1397.0,1,Active
U01325,P006,028,Studio,470,1553.0,4,Vacant
U01326,P006,029,Studio,451,1579.0,5,Active
U01327,P006,030,Studio,573,1461.0,3,Notice
U01328,P006,031,Studio,597,1611.0,4,Active
U01329,P006,032,1BR/1BA,845,1916.0,3,Active
U01330,P006,033,1BR/1BA,706,1850.0,2,Active
U01331,P006,034,1BR/1BA,784,1870.0,4,Vacant
U01332,P006,035,1BR/1BA,658,1751.0,4,Active
U01333,P006,036,1BR/1BA,767,1941.0,5,Notice
U01334,P006,037,1BR/1BA,730,1826.0,1,Active
U01335,P006,038,1BR/1BA,747,1782.0,3,Active
U01336,P006,039,1BR/1BA,806,1895.0,2,Vacant
U01337,P006,040,1BR/1BA,717,1645.0,4,Vacant
U01338,P006,041,1BR/1BA,737,1696.0,4,Active
U01339,P006,042,1BR/1BA,703,1718.0,3,Active
U01340,P006,043,1BR/1BA,752,1662.0,2,Vacant
U01341,P006,044,1BR/1BA,683,1942.0,2,Active
U01342,P006,045,1BR/1BA,834,1658.0,2,Vacant
U01343,P006,046,1BR/1BA,760,1893.0,2,Active
U01344,P006,047,1BR/1BA,839,1610.0,1,Active
U01345,P006,048,1BR/1BA,757,1750.0,5,Vacant
U01346,P006,049,1BR/1BA,834,1676.0,4,Active
U01347,P006,050,1BR/1BA,714,1775.0,5,Active
U01348,P006,051,1BR/1BA,751,1590.0,2,Active
U01349,P006,052,1BR/1BA,705,1876.0,4,Active
U01350,P006,053,1BR/1BA,765,1848.0,3,Active
U01351,P006,054,1BR/1BA,742,1774.0,3,Active
U01352,P006,055,1BR/1BA,655,1715.0,3,Vacant
U01353,P006,056,1BR/1BA,700,1781.0,5,Active
U01354,P006,057,1BR/1BA,849,1664.0,3,Vacant
U01355,P006,058,1BR/1BA,774,1860.0,4,Active
U01356,P006,059,1BR/1BA,747,1795.0,4,Active
U01357,P006,060,1BR/1BA,692,1806.0,3,Active
U01358,P006,061,1BR/1BA,811,1795.0,4,Active
U01359,P006,062,1BR/1BA,670,1615.0,2,Active
U01360,P006,063,1BR/1BA,731,1811.0,3,Vacant
U01361,P006,064,1BR/1BA,815,1708.0,4,Active
U01362,P006,065,1BR/1BA,841,1785.0,4,Active
U01363,P006,066,1BR/1BA,692,1624.0,1,Active
U01364,P006,067,1BR/1BA,836,1644.0,3,Active
U01365,P006,068,1BR/1BA,703,1617.0,1,Active
U01366,P006,069,1BR/1BA,666,1925.0,4,Vacant
U01367,P006,070,1BR/1BA,663,1561.0,4,Vacant
U01368,P006,071,1BR/1BA,845,1948.0,1,Active
U01369,P006,072,1BR/1BA,808,1612.0,4,Active
U01370,P006,073,1BR/1BA,708,1649.0,3,Notice
U01371,P006,074,1BR/1BA,810,1601.0,5,Active
U01372,P006,075,1BR/1BA,657,1564.0,3,Active
U01373,P006,076,1BR/1BA,771,1737.0,5,Active
U01374,P006,077,1BR/1BA,790,1728.0,5,Active
U01375,P006,078,1BR/1BA,801,1789.0,5,Active
U01376,P006,079,1BR/1BA,784,1806.0,5,Active
U01377,P006,080,1BR/1BA,738,1743.0,2,Active
U01378,P006,081,1BR/1BA,763,1673.0,4,Active
U01379,P006,082,1BR/1BA,689,1671.0,1,Vacant
U01380,P006,083,1BR/1BA,844,1889.0,3,Active
U01381,P006,084,1BR/1BA,770,1764.0,4,Notice
U01382,P006,085,1BR/1BA,726,1554.0,4,Active
U01383,P006,086,1BR/1BA,802,1642.0,1,Vacant
U01384,P006,087,1BR/1BA,745,1625.0,5,Active
U01385,P006,088,1BR/1BA,751,1650.0,4,Active
U01386,P006,089,1BR/1BA,706,1655.0,4,Active
U01387,P006,090,1BR/1BA,782,1856.0,5,Active
U01388,P006,091,1BR/1BA,722,1809.0,5,Active
U01389,P006,092,1BR/1BA,755,1625.0,1,Active
U01390,P006,093,1BR/1BA,684,1666.0,4,Vacant
U01391,P006,094,1BR/1BA,765,1659.0,5,Notice
U01392,P006,095,1BR/1BA,698,1678.0,2,Active
U01393,P006,096,1BR/1BA,786,1559.0,1,Active
U01394,P006,097,1BR/1BA,718,1600.0,4,Active
U01395,P006,098,1BR/1BA,709,1586.0,1,Notice
U01396,P006,099,1BR/1BA,705,1687.0,3,Notice
U01397,P006,100,1BR/1BA,745,1735.0,1,Active
U01398,P006,101,1BR/1BA,670,1887.0,2,Active
U01399,P006,102,1BR/1BA,718,1860.0,1,Vacant
U01400,P006,103,1BR/1BA,770,1623.0,3,Active
U01401,P006,104,1BR/1BA,653,1599.0,2,Active
U01402,P006,105,1BR/1BA,847,1940.0,2,Active
U01403,P006,106,1BR/1BA,700,1734.0,1,Vacant
U01404,P006,107,1BR/1BA,820,1943.0,4,Active
U01405,P006,108,1BR/1BA,824,1934.0,3,Active
U01406,P006,109,1BR/1BA,811,1841.0,5,Vacant
U01407,P006,110,1BR/1BA,681,1651.0,3,Active
U01408,P006,111,1BR/1BA,742,1905.0,2,Active
U01409,P006,112,1BR/1BA,710,1803.0,3,Active
U01410,P006,113,1BR/1BA,692,1868.0,5,Active
U01411,P006,114,1BR/1BA,751,1866.0,1,Active
U01412,P006,115,1BR/1BA,798,1863.0,4,Vacant
U01413,P006,116,1BR/1BA,689,1699.0,1,Active
U01414,P006,117,1BR/1BA,690,1750.0,5,Active
U01415,P006,118,1BR/1BA,844,1800.0,1,Active
U01416,P006,119,1BR/1BA,815,1612.0,5,Active
U01417,P006,120,1BR/1BA,682,1745.0,3,Vacant
U01418,P006,121,1BR/1BA,815,1853.0,4,Active
U01419,P006,122,1BR/1BA,655,1826.0,3,Active
U01420,P006,123,1BR/1BA,714,1909.0,4,Notice
U01421,P006,124,1BR/1BA,793,1668.0,4,Active
U01422,P006,125,2BR/1BA,995,1884.0,3,Active
U01423,P006,126,2BR/1BA,1037,2011.0,5,Vacant
U01424,P006,127,2BR/1BA,891,1831.0,2,Notice
U01425,P006,128,2BR/1BA,925,2169.0,5,Active
U01426,P006,129,2BR/1BA,966,1800.0,5,Active
U01427,P006,130,2BR/1BA,1037,1883.0,1,Vacant
U01428,P006,131,2BR/1BA,943,2149.0,2,Active
U01429,P006,132,2BR/1BA,1034,1829.0,5,Active
U01430,P006,133,2BR/1BA,898,2036.0,4,Vacant
U01431,P006,134,2BR/1BA,889,2076.0,3,Active
U01432,P006,135,2BR/1BA,1014,1945.0,1,Vacant
U01433,P006,136,2BR/1BA,1018,1830.0,2,Active
U01434,P006,137,2BR/1BA,858,1891.0,4,Active
U01435,P006,138,2BR/1BA,875,1814.0,4,Notice
U01436,P006,139,2BR/1BA,984,2081.0,5,Active
U01437,P006,140,2BR/1BA,862,1965.0,5,Active
U01438,P006,141,2BR/1BA,853,2219.0,2,Notice
U01439,P006,142,2BR/1BA,870,2011.0,1,Active
U01440,P006,143,2BR/1BA,992,2135.0,4,Active
U01441,P006,144,2BR/1BA,1031,1826.0,5,Active
U01442,P006,145,2BR/1BA,985,1818.0,1,Active
U01443,P006,146,2BR/1BA,869,2225.0,5,Active
U01444,P006,147,2BR/1BA,875,2126.0,5,Active
U01445,P006,148,2BR/1BA,898,1887.0,2,Vacant
U01446,P006,149,2BR/1BA,1010,2226.0,5,Vacant
U01447,P006,150,2BR/1BA,956,2136.0,5,Active
U01448,P006,151,2BR/1BA,1022,2006.0,4,Active
U01449,P006,152,2BR/1BA,892,2157.0,5,Active
U01450,P006,153,2BR/1BA,979,1952.0,2,Vacant
U01451,P006,154,2BR/1BA,1003,1999.0,3,Active
U01452,P006,155,2BR/1BA,990,2246.0,3,Active
U01453,P006,156,2BR/1BA,955,2144.0,4,Active
U01454,P006,157,2BR/1BA,1005,1908.0,5,Active
U01455,P006,158,2BR/1BA,946,2145.0,3,Active
U01456,P006,159,2BR/1BA,965,2001.0,4,Active
U01457,P006,160,2BR/1BA,1035,1816.0,3,Vacant
U01458,P006,161,2BR/1BA,854,2033.0,3,Active
U01459,P006,162,2BR/1BA,926,2243.0,2,Active
U01460,P006,163,2BR/1BA,855,2147.0,3,Vacant
U01461,P006,164,2BR/1BA,980,2050.0,5,Active
U01462,P006,165,2BR/1BA,874,1817.0,3,Active
U01463,P006,166,2BR/1BA,885,1919.0,5,Active
U01464,P006,167,2BR/1BA,909,1915.0,3,Active
U01465,P006,168,2BR/1BA,996,1980.0,2,Active
U01466,P006,169,2BR/1BA,1035,1946.0,4,Active
U01467,P006,170,2BR/1BA,974,2172.0,5,Active
U01468,P006,171,2BR/1BA,1002,2089.0,1,Vacant
U01469,P006,172,2BR/1BA,947,1835.0,1,Active
U01470,P006,173,2BR/1BA,939,2196.0,4,Active
U01471,P006,174,2BR/1BA,880,2191.0,2,Vacant
U01472,P006,175,2BR/1BA,852,2085.0,4,Active
U01473,P006,176,2BR/1BA,928,2036.0,3,Vacant
U01474,P006,177,2BR/1BA,994,1867.0,5,Active
U01475,P006,178,2BR/1BA,889,1823.0,4,Notice
U01476,P006,179,2BR/1BA,1042,2068.0,5,Active
U01477,P006,180,2BR/1BA,906,1994.0,4,Active
U01478,P006,181,2BR/1BA,883,1951.0,4,Vacant
U01479,P006,182,2BR/1BA,1040,1822.0,4,Active
U01480,P006,183,2BR/1BA,871,1979.0,4,Active
U01481,P006,184,2BR/1BA,1045,1861.0,5,Active
U01482,P006,185,2BR/1BA,974,1978.0,5,Active
U01483,P006,186,2BR/1BA,993,2077.0,5,Active
U01484,P006,187,2BR/2BA,1012,2036.0,4,Active
U01485,P006,188,2BR/2BA,1125,2462.0,1,Active
U01486,P006,189,2BR/2BA,1121,2207.0,3,Active
U01487,P006,190,2BR/2BA,998,2160.0,5,Active
U01488,P006,191,2BR/2BA,1147,2152.0,3,Vacant
U01489,P006,192,2BR/2BA,1063,2312.0,4,Active
U01490,P006,193,2BR/2BA,1009,2100.0,3,Active
U01491,P006,194,2BR/2BA,1143,2364.0,1,Active
U01492,P006,195,2BR/2BA,1139,2027.0,5,Active
U01493,P006,196,2BR/2BA,1023,2007.0,1,Active
U01494,P006,197,2BR/2BA,1065,2236.0,3,Active
U01495,P006,198,2BR/2BA,1139,2269.0,2,Vacant
U01496,P006,199,2BR/2BA,1083,2375.0,5,Notice
U01497,P006,200,2BR/2BA,1109,2365.0,2,Active
U01498,P006,201,2BR/2BA,1046,2292.0,5,Active
U01499,P006,202,2BR/2BA,1015,2085.0,3,Active
U01500,P006,203,2BR/2BA,1128,2309.0,1,Notice
U01501,P006,204,2BR/2BA,1117,2473.0,1,Active
U01502,P006,205,2BR/2BA,1119,2136.0,3,Active
U01503,P006,206,2BR/2BA,954,2146.0,4,Active
U01504,P006,207,2BR/2BA,1047,2254.0,1,Active
U01505,P006,208,2BR/2BA,1074,2433.0,5,Active
U01506,P006,209,2BR/2BA,997,2099.0,4,Vacant
U01507,P006,210,2BR/2BA,1132,2011.0,2,Vacant
U01508,P006,211,2BR/2BA,1028,2167.0,4,Active
U01509,P006,212,2BR/2BA,954,2173.0,3,Active
U01510,P006,213,2BR/2BA,1110,2151.0,5,Active
U01511,P006,214,2BR/2BA,965,2313.0,4,Active
U01512,P006,215,2BR/2BA,1092,2475.0,2,Active
U01513,P006,216,2BR/2BA,1037,2449.0,2,Active
U01514,P006,217,2BR/2BA,1136,2191.0,5,Active
U01515,P006,218,2BR/2BA,1056,2120.0,2,Active
U01516,P006,219,2BR/2BA,1029,2455.0,3,Notice
U01517,P006,220,2BR/2BA,1088,2066.0,2,Vacant
U01518,P006,221,2BR/2BA,1088,2342.0,2,Active
U01519,P006,222,2BR/2BA,1029,2344.0,5,Active
U01520,P006,223,2BR/2BA,1060,2498.0,2,Vacant
U01521,P006,224,2BR/2BA,990,2159.0,5,Vacant
U01522,P006,225,2BR/2BA,1134,2059.0,3,Active
U01523,P006,226,2BR/2BA,1136,2015.0,3,Active
U01524,P006,227,2BR/2BA,1055,2152.0,3,Active
U01525,P006,228,2BR/2BA,1149,2094.0,2,Active
U01526,P006,229,2BR/2BA,956,2381.0,5,Vacant
U01527,P006,230,2BR/2BA,1018,2303.0,5,Active
U01528,P006,231,2BR/2BA,1102,2116.0,1,Active
U01529,P006,232,2BR/2BA,970,2344.0,4,Active
U01530,P006,233,2BR/2BA,1078,2423.0,4,Active
U01531,P006,234,2BR/2BA,997,2426.0,4,Notice
U01532,P006,235,2BR/2BA,985,2082.0,2,Active
U01533,P006,236,2BR/2BA,1054,2382.0,1,Active
U01534,P006,237,2BR/2BA,1055,2111.0,2,Active
U01535,P006,238,2BR/2BA,966,2089.0,4,Vacant
U01536,P006,239,2BR/2BA,1075,2344.0,4,Active
U01537,P006,240,2BR/2BA,1059,2202.0,1,Vacant
U01538,P006,241,2BR/2BA,1138,2412.0,3,Active
U01539,P006,242,2BR/2BA,1106,2470.0,5,Vacant
U01540,P006,243,2BR/2BA,1087,2263.0,1,Vacant
U01541,P006,244,2BR/2BA,977,2226.0,1,Active
U01542,P006,245,2BR/2BA,1082,2269.0,1,Vacant
U01543,P006,246,2BR/2BA,1049,2258.0,1,Active
U01544,P006,247,2BR/2BA,1024,2220.0,3,Active
U01545,P006,248,2BR/2BA,1068,2083.0,3,Vacant
U01546,P006,249,2BR/2BA,963,2345.0,2,Notice
U01547,P006,250,2BR/2BA,1115,2226.0,5,Active
U01548,P006,251,2BR/2BA,996,2389.0,5,Active
U01549,P006,252,2BR/2BA,1050,2207.0,4,Active
U01550,P006,253,2BR/2BA,995,2227.0,2,Notice
U01551,P006,254,2BR/2BA,973,2125.0,2,Active
U01552,P006,255,2BR/2BA,973,2057.0,4,Active
U01553,P006,256,2BR/2BA,971,2262.0,4,Vacant
U01554,P006,257,2BR/2BA,1106,2475.0,4,Vacant
U01555,P006,258,2BR/2BA,1047,2022.0,2,Active
U01556,P006,259,2BR/2BA,1094,2436.0,2,Active
U01557,P006,260,2BR/2BA,987,2089.0,1,Active
U01558,P006,261,2BR/2BA,1028,2155.0,4,Active
U01559,P006,262,2BR/2BA,1110,2090.0,2,Active
U01560,P006,263,2BR/2BA,950,2311.0,3,Active
U01561,P006,264,2BR/2BA,1067,2249.0,4,Vacant
U01562,P006,265,2BR/2BA,951,2304.0,4,Active
U01563,P006,266,2BR/2BA,1005,2294.0,4,Notice
U01564,P006,267,2BR/2BA,1054,2221.0,5,Vacant
U01565,P006,268,2BR/2BA,951,2122.0,5,Active
U01566,P006,269,2BR/2BA,1108,2314.0,2,Active
U01567,P006,270,2BR/2BA,997,2074.0,3,Active
U01568,P006,271,2BR/2BA,987,2427.0,5,Vacant
U01569,P006,272,2BR/2BA,1026,2166.0,1,Active
U01570,P006,273,2BR/2BA,977,2208.0,2,Active
U01571,P006,274,2BR/2BA,1122,2142.0,5,Vacant
U01572,P006,275,2BR/2BA,1093,2089.0,4,Vacant
U01573,P006,276,2BR/2BA,1042,2466.0,1,Active
U01574,P006,277,2BR/2BA,1032,2184.0,4,Active
U01575,P006,278,2BR/2BA,1144,2214.0,5,Active
U01576,P006,279,2BR/2BA,1024,2235.0,1,Active
U01577,P006,280,3BR/2BA,1318,2769.0,5,Active
U01578,P006,281,3BR/2BA,1257,2828.0,1,Vacant
U01579,P006,282,3BR/2BA,1420,3091.0,4,Vacant
U01580,P006,283,3BR/2BA,1297,2699.0,3,Active
U01581,P006,284,3BR/2BA,1419,2803.0,5,Active
U01582,P006,285,3BR/2BA,1216,2830.0,4,Vacant
U01583,P006,286,3BR/2BA,1404,2745.0,2,Vacant
U01584,P006,287,3BR/2BA,1269,2896.0,2,Active
U01585,P006,288,3BR/2BA,1210,2417.0,1,Active
U01586,P006,289,3BR/2BA,1362,2690.0,3,Active
U01587,P006,290,3BR/2BA,1436,2964.0,2,Active
U01588,P006,291,3BR/2BA,1253,2883.0,3,Active
U01589,P006,292,3BR/2BA,1307,2610.0,5,Active
U01590,P006,293,3BR/2BA,1153,2480.0,3,Active
U01591,P006,294,3BR/2BA,1352,2907.0,5,Active
U01592,P006,295,3BR/2BA,1239,2536.0,3,Notice
U01593,P006,296,3BR/2BA,1392,2958.0,2,Notice
U01594,P006,297,3BR/2BA,1229,2839.0,5,Active
U01595,P006,298,3BR/2BA,1386,2949.0,4,Active
U01596,P006,299,3BR/2BA,1416,2610.0,3,Vacant
U01597,P006,300,3BR/2BA,1424,2413.0,5,Active
U01598,P006,301,3BR/2BA,1331,2446.0,2,Active
U01599,P006,302,3BR/2BA,1165,2637.0,4,Vacant
U01600,P006,303,3BR/2BA,1234,2800.0,4,Active
U01601,P006,304,3BR/2BA,1209,3005.0,3,Active
U01602,P006,305,3BR/2BA,1166,2590.0,1,Notice
U01603,P006,306,3BR/2BA,1271,2660.0,3,Active
U01604,P006,307,3BR/2BA,1418,2612.0,1,Active
U01605,P006,308,3BR/2BA,1169,2944.0,1,Notice
U01606,P006,309,3BR/2BA,1409,2417.0,4,Vacant
U01607,P006,310,3BR/2BA,1228,2533.0,4,Vacant
U01608,P007,001,Studio,529,1583.0,2,Active
U01609,P007,002,Studio,582,1553.0,2,Active
U01610,P007,003,Studio,459,1488.0,6,Vacant
U01611,P007,004,Studio,479,1351.0,1,Vacant
U01612,P007,005,Studio,472,1450.0,1,Active
U01613,P007,006,Studio,583,1580.0,6,Active
U01614,P007,007,Studio,455,1523.0,3,Active
U01615,P007,008,Studio,532,1410.0,3,Active
U01616,P007,009,Studio,586,1446.0,4,Active
U01617,P007,010,1BR/1BA,719,1610.0,3,Active
U01618,P007,011,1BR/1BA,653,1933.0,5,Vacant
U01619,P007,012,1BR/1BA,676,1633.0,3,Vacant
U01620,P007,013,1BR/1BA,731,1658.0,6,Active
U01621,P007,014,1BR/1BA,796,1648.0,1,Active
U01622,P007,015,1BR/1BA,806,1907.0,5,Notice
U01623,P007,016,1BR/1BA,662,1602.0,4,Active
U01624,P007,017,1BR/1BA,677,1703.0,1,Active
U01625,P007,018,1BR/1BA,750,1622.0,5,Vacant
U01626,P007,019,1BR/1BA,811,1884.0,6,Notice
U01627,P007,020,1BR/1BA,807,1692.0,3,Active
U01628,P007,021,1BR/1BA,832,1853.0,5,Active
U01629,P007,022,1BR/1BA,843,1856.0,5,Active
U01630,P007,023,1BR/1BA,673,1875.0,6,Notice
U01631,P007,024,1BR/1BA,674,1732.0,6,Notice
U01632,P007,025,1BR/1BA,770,1643.0,2,Active
U01633,P007,026,1BR/1BA,807,1653.0,3,Active
U01634,P007,027,1BR/1BA,696,1830.0,6,Active
U01635,P007,028,1BR/1BA,733,1731.0,1,Active
U01636,P007,029,1BR/1BA,771,1595.0,4,Notice
U01637,P007,030,1BR/1BA,693,1663.0,3,Vacant
U01638,P007,031,1BR/1BA,797,1601.0,1,Active
U01639,P007,032,1BR/1BA,832,1869.0,3,Vacant
U01640,P007,033,1BR/1BA,816,1578.0,3,Vacant
U01641,P007,034,1BR/1BA,768,1710.0,4,Active
U01642,P007,035,1BR/1BA,808,1647.0,2,Notice
U01643,P007,036,1BR/1BA,748,1576.0,2,Vacant
U01644,P007,037,1BR/1BA,760,1864.0,4,Vacant
U01645,P007,038,1BR/1BA,737,1768.0,2,Active
U01646,P007,039,1BR/1BA,819,1818.0,6,Vacant
U01647,P007,040,1BR/1BA,774,1596.0,5,Notice
U01648,P007,041,1BR/1BA,733,1772.0,4,Active
U01649,P007,042,1BR/1BA,728,1932.0,1,Vacant
U01650,P007,043,1BR/1BA,677,1824.0,5,Active
U01651,P007,044,1BR/1BA,733,1748.0,6,Active
U01652,P007,045,1BR/1BA,673,1637.0,2,Vacant
U01653,P007,046,2BR/1BA,1043,2086.0,1,Active
U01654,P007,047,2BR/1BA,1019,1867.0,5,Active
U01655,P007,048,2BR/1BA,949,2077.0,4,Active
U01656,P007,049,2BR/1BA,902,2107.0,3,Active
U01657,P007,050,2BR/1BA,995,2157.0,6,Active
U01658,P007,051,2BR/1BA,961,2123.0,3,Active
U01659,P007,052,2BR/1BA,999,1804.0,5,Active
U01660,P007,053,2BR/1BA,882,2184.0,1,Active
U01661,P007,054,2BR/1BA,990,2236.0,1,Vacant
U01662,P007,055,2BR/1BA,941,1849.0,3,Active
U01663,P007,056,2BR/1BA,910,1994.0,5,Active
U01664,P007,057,2BR/1BA,1010,1943.0,4,Active
U01665,P007,058,2BR/1BA,947,1996.0,2,Active
U01666,P007,059,2BR/1BA,971,1863.0,5,Active
U01667,P007,060,2BR/1BA,942,2178.0,2,Active
U01668,P007,061,2BR/1BA,1021,1856.0,1,Active
U01669,P007,062,2BR/1BA,1015,1807.0,6,Notice
U01670,P007,063,2BR/1BA,1018,1997.0,2,Active
U01671,P007,064,2BR/2BA,985,2321.0,4,Notice
U01672,P007,065,2BR/2BA,1128,2302.0,4,Vacant
U01673,P007,066,2BR/2BA,996,2227.0,4,Vacant
U01674,P007,067,2BR/2BA,1065,2192.0,2,Active
U01675,P007,068,2BR/2BA,1058,2302.0,5,Notice
U01676,P007,069,2BR/2BA,1137,2118.0,5,Active
U01677,P007,070,2BR/2BA,1055,2463.0,5,Active
U01678,P007,071,2BR/2BA,958,2489.0,5,Notice
U01679,P007,072,2BR/2BA,1130,2184.0,5,Notice
U01680,P007,073,2BR/2BA,1126,2040.0,6,Vacant
U01681,P007,074,2BR/2BA,1142,2389.0,4,Vacant
U01682,P007,075,2BR/2BA,970,2262.0,5,Active
U01683,P007,076,2BR/2BA,1012,2236.0,6,Active
U01684,P007,077,2BR/2BA,1125,2317.0,5,Active
U01685,P007,078,2BR/2BA,1106,2026.0,3,Vacant
U01686,P007,079,2BR/2BA,1149,2005.0,4,Vacant
U01687,P007,080,2BR/2BA,1070,2287.0,3,Active
U01688,P007,081,2BR/2BA,1040,2480.0,3,Active
U01689,P007,082,2BR/2BA,992,2018.0,5,Active
U01690,P007,083,2BR/2BA,1136,2393.0,3,Active
U01691,P007,084,2BR/2BA,1111,2237.0,2,Vacant
U01692,P007,085,2BR/2BA,963,2328.0,3,Vacant
U01693,P007,086,2BR/2BA,956,2143.0,1,Active
U01694,P007,087,2BR/2BA,1079,2038.0,3,Active
U01695,P007,088,2BR/2BA,983,2308.0,3,Active
U01696,P007,089,2BR/2BA,953,2371.0,5,Active
U01697,P007,090,2BR/2BA,1101,2369.0,6,Notice
U01698,P007,091,2BR/2BA,1044,2404.0,3,Active
U01699,P007,092,2BR/2BA,1074,2090.0,5,Active
U01700,P007,093,2BR/2BA,1037,2492.0,2,Vacant
U01701,P007,094,2BR/2BA,989,2419.0,4,Active
U01702,P007,095,2BR/2BA,1010,2330.0,6,Active
U01703,P007,096,2BR/2BA,1003,2289.0,3,Active
U01704,P007,097,2BR/2BA,1114,2132.0,1,Active
U01705,P007,098,2BR/2BA,992,2232.0,4,Active
U01706,P007,099,2BR/2BA,1071,2373.0,5,Active
U01707,P007,100,2BR/2BA,1047,2342.0,4,Notice
U01708,P007,101,2BR/2BA,1017,2073.0,4,Active
U01709,P007,102,2BR/2BA,1023,2464.0,4,Active
U01710,P007,103,2BR/2BA,1123,2158.0,5,Active
U01711,P007,104,2BR/2BA,974,2459.0,6,Active
U01712,P007,105,2BR/2BA,1060,2305.0,6,Active
U01713,P007,106,2BR/2BA,1035,2135.0,1,Active
U01714,P007,107,2BR/2BA,1117,2292.0,4,Active
U01715,P007,108,2BR/2BA,1137,2336.0,2,Vacant
U01716,P007,109,2BR/2BA,1036,2339.0,2,Active
U01717,P007,110,2BR/2BA,1090,2005.0,1,Active
U01718,P007,111,2BR/2BA,953,2206.0,5,Active
U01719,P007,112,2BR/2BA,1125,2223.0,2,Active
U01720,P007,113,2BR/2BA,1014,2097.0,1,Vacant
U01721,P007,114,2BR/2BA,973,2028.0,5,Active
U01722,P007,115,2BR/2BA,1103,2319.0,6,Active
U01723,P007,116,2BR/2BA,972,2428.0,2,Active
U01724,P007,117,2BR/2BA,1118,2382.0,6,Vacant
U01725,P007,118,2BR/2BA,997,2448.0,6,Active
U01726,P007,119,2BR/2BA,1014,2147.0,6,Active
U01727,P007,120,2BR/2BA,1113,2227.0,3,Active
U01728,P007,121,2BR/2BA,1127,2452.0,3,Active
U01729,P007,122,2BR/2BA,991,2390.0,3,Active
U01730,P007,123,2BR/2BA,1047,2194.0,1,Active
U01731,P007,124,2BR/2BA,1017,2089.0,1,Notice
U01732,P007,125,2BR/2BA,1001,2305.0,2,Notice
U01733,P007,126,2BR/2BA,977,2072.0,4,Active
U01734,P007,127,2BR/2BA,1107,2322.0,4,Active
U01735,P007,128,2BR/2BA,976,2017.0,1,Vacant
U01736,P007,129,2BR/2BA,1136,2125.0,4,Active
U01737,P007,130,2BR/2BA,1077,2074.0,6,Active
U01738,P007,131,2BR/2BA,959,2332.0,3,Active
U01739,P007,132,2BR/2BA,1129,2165.0,4,Vacant
U01740,P007,133,2BR/2BA,950,2258.0,4,Notice
U01741,P007,134,2BR/2BA,1061,2202.0,6,Active
U01742,P007,135,2BR/2BA,1088,2113.0,4,Notice
U01743,P007,136,3BR/2BA,1212,2797.0,3,Active
U01744,P007,137,3BR/2BA,1305,2680.0,6,Active
U01745,P007,138,3BR/2BA,1337,2774.0,3,Active
U01746,P007,139,3BR/2BA,1385,2932.0,3,Active
U01747,P007,140,3BR/2BA,1240,2788.0,4,Active
U01748,P007,141,3BR/2BA,1303,2887.0,1,Active
U01749,P007,142,3BR/2BA,1399,2459.0,6,Notice
U01750,P007,143,3BR/2BA,1247,2498.0,2,Active
U01751,P007,144,3BR/2BA,1272,2742.0,1,Vacant
U01752,P007,145,3BR/2BA,1307,2750.0,4,Active
U01753,P007,146,3BR/2BA,1168,2637.0,3,Active
U01754,P007,147,3BR/2BA,1357,2483.0,6,Vacant
U01755,P007,148,3BR/2BA,1384,3058.0,5,Active
U01756,P007,149,3BR/2BA,1446,2563.0,1,Active
U01757,P007,150,3BR/2BA,1222,2742.0,1,Notice
U01758,P007,151,3BR/2BA,1173,2570.0,6,Active
U01759,P007,152,3BR/2BA,1157,2521.0,1,Active
U01760,P007,153,3BR/2BA,1199,2719.0,2,Vacant
U01761,P007,154,3BR/2BA,1182,2972.0,1,Active
U01762,P007,155,3BR/2BA,1404,2816.0,5,Active
U01763,P007,156,3BR/2BA,1182,2963.0,4,Active
U01764,P007,157,3BR/2BA,1355,2627.0,6,Vacant
U01765,P007,158,3BR/2BA,1429,2496.0,2,Active
U01766,P007,159,3BR/2BA,1238,2635.0,1,Active
U01767,P007,160,3BR/2BA,1222,2930.0,2,Active
U01768,P007,161,3BR/2BA,1433,2516.0,2,Vacant
U01769,P007,162,3BR/2BA,1170,2493.0,6,Vacant
U01770,P007,163,3BR/2BA,1342,2944.0,1,Notice
U01771,P007,164,3BR/2BA,1191,2404.0,2,Active
U01772,P007,165,3BR/2BA,1295,2691.0,4,Active
U01773,P007,166,3BR/2BA,1255,2500.0,3,Vacant
U01774,P007,167,3BR/2BA,1380,2688.0,2,Vacant
U01775,P007,168,3BR/2BA,1169,2817.0,6,Notice
U01776,P007,169,3BR/2BA,1195,2839.0,3,Active
U01777,P007,170,3BR/2BA,1364,2403.0,2,Active
U01778,P007,171,3BR/2BA,1210,3091.0,1,Vacant
U01779,P007,172,3BR/2BA,1335,3004.0,5,Vacant
U01780,P007,173,3BR/2BA,1262,2725.0,6,Active
U01781,P007,174,3BR/2BA,1291,2437.0,1,Active
U01782,P007,175,3BR/2BA,1392,2748.0,2,Active
U01783,P007,176,3BR/2BA,1177,2851.0,3,Active
U01784,P007,177,3BR/2BA,1372,2576.0,5,Notice
U01785,P007,178,3BR/2BA,1172,2473.0,1,Vacant
U01786,P007,179,3BR/2BA,1240,2511.0,1,Notice
U01787,P007,180,3BR/2BA,1413,2481.0,2,Notice
U01788,P008,001,Studio,598,1448.0,2,Active
U01789,P008,002,Studio,508,1584.0,3,Active
U01790,P008,003,Studio,475,1421.0,4,Active
U01791,P008,004,Studio,546,1617.0,1,Notice
U01792,P008,005,Studio,599,1495.0,4,Active
U01793,P008,006,Studio,505,1628.0,4,Active
U01794,P008,007,Studio,549,1462.0,4,Active
U01795,P008,008,Studio,541,1643.0,2,Active
U01796,P008,009,Studio,482,1360.0,5,Active
U01797,P008,010,Studio,521,1391.0,4,Notice
U01798,P008,011,Studio,557,1401.0,3,Active
U01799,P008,012,Studio,525,1531.0,6,Vacant
U01800,P008,013,Studio,493,1523.0,5,Active
U01801,P008,014,Studio,472,1474.0,5,Notice
U01802,P008,015,Studio,505,1527.0,4,Active
U01803,P008,016,Studio,453,1569.0,6,Active
U01804,P008,017,Studio,513,1448.0,5,Active
U01805,P008,018,Studio,488,1624.0,1,Active
U01806,P008,019,Studio,461,1362.0,4,Vacant
U01807,P008,020,Studio,458,1478.0,4,Notice
U01808,P008,021,Studio,475,1486.0,2,Active
U01809,P008,022,Studio,592,1576.0,6,Active
U01810,P008,023,Studio,505,1390.0,3,Active
U01811,P008,024,Studio,473,1355.0,6,Active
U01812,P008,025,Studio,491,1561.0,5,Vacant
U01813,P008,026,Studio,456,1643.0,4,Active
U01814,P008,027,Studio,553,1405.0,3,Notice
U01815,P008,028,Studio,450,1608.0,1,Active
U01816,P008,029,Studio,535,1509.0,3,Active
U01817,P008,030,Studio,519,1559.0,5,Vacant
U01818,P008,031,Studio,597,1588.0,6,Active
U01819,P008,032,Studio,535,1571.0,1,Vacant
U01820,P008,033,Studio,543,1616.0,1,Active
U01821,P008,034,Studio,543,1490.0,1,Active
U01822,P008,035,Studio,543,1403.0,5,Active
U01823,P008,036,Studio,593,1563.0,2,Active
U01824,P008,037,Studio,535,1422.0,1,Notice
U01825,P008,038,Studio,598,1611.0,6,Active
U01826,P008,039,Studio,507,1446.0,3,Vacant
U01827,P008,040,1BR/1BA,824,1719.0,1,Active
U01828,P008,041,1BR/1BA,745,1688.0,4,Vacant
U01829,P008,042,1BR/1BA,784,1882.0,4,Vacant
U01830,P008,043,1BR/1BA,823,1880.0,3,Notice
U01831,P008,044,1BR/1BA,808,1697.0,6,Active
U01832,P008,045,1BR/1BA,698,1907.0,4,Active
U01833,P008,046,1BR/1BA,670,1706.0,2,Active
U01834,P008,047,1BR/1BA,669,1594.0,3,Active
U01835,P008,048,1BR/1BA,828,1609.0,2,Active
U01836,P008,049,1BR/1BA,783,1931.0,1,Active
U01837,P008,050,1BR/1BA,756,1938.0,5,Active
U01838,P008,051,1BR/1BA,771,1689.0,4,Active
U01839,P008,052,1BR/1BA,724,1626.0,1,Active
U01840,P008,053,1BR/1BA,783,1808.0,4,Vacant
U01841,P008,054,1BR/1BA,737,1812.0,3,Notice
U01842,P008,055,1BR/1BA,801,1816.0,5,Vacant
U01843,P008,056,1BR/1BA,763,1733.0,5,Active
U01844,P008,057,1BR/1BA,728,1619.0,3,Active
U01845,P008,058,1BR/1BA,773,1699.0,3,Active
U01846,P008,059,1BR/1BA,687,1691.0,4,Active
U01847,P008,060,1BR/1BA,808,1920.0,6,Vacant
U01848,P008,061,1BR/1BA,723,1623.0,2,Active
U01849,P008,062,1BR/1BA,691,1645.0,1,Active
U01850,P008,063,1BR/1BA,797,1601.0,3,Active
U01851,P008,064,1BR/1BA,697,1632.0,6,Active
U01852,P008,065,1BR/1BA,820,1677.0,3,Active
U01853,P008,066,1BR/1BA,745,1729.0,2,Vacant
U01854,P008,067,1BR/1BA,727,1599.0,1,Active
U01855,P008,068,1BR/1BA,777,1857.0,4,Active
U01856,P008,069,1BR/1BA,689,1552.0,6,Vacant
U01857,P008,070,1BR/1BA,779,1683.0,6,Active
U01858,P008,071,1BR/1BA,771,1908.0,5,Active
U01859,P008,072,1BR/1BA,794,1841.0,4,Active
U01860,P008,073,1BR/1BA,826,1595.0,4,Active
U01861,P008,074,1BR/1BA,685,1821.0,1,Active
U01862,P008,075,1BR/1BA,656,1711.0,2,Notice
U01863,P008,076,1BR/1BA,741,1587.0,1,Vacant
U01864,P008,077,1BR/1BA,814,1628.0,5,Active
U01865,P008,078,1BR/1BA,850,1924.0,3,Active
U01866,P008,079,1BR/1BA,655,1583.0,4,Active
U01867,P008,080,1BR/1BA,781,1708.0,4,Active
U01868,P008,081,1BR/1BA,804,1792.0,1,Active
U01869,P008,082,1BR/1BA,751,1609.0,4,Active
U01870,P008,083,1BR/1BA,748,1699.0,3,Active
U01871,P008,084,1BR/1BA,739,1673.0,4,Vacant
U01872,P008,085,1BR/1BA,672,1636.0,4,Active
U01873,P008,086,1BR/1BA,763,1665.0,6,Active
U01874,P008,087,1BR/1BA,836,1909.0,2,Vacant
U01875,P008,088,1BR/1BA,803,1584.0,2,Active
U01876,P008,089,1BR/1BA,771,1945.0,5,Active
U01877,P008,090,1BR/1BA,666,1923.0,5,Active
U01878,P008,091,1BR/1BA,672,1553.0,6,Active
U01879,P008,092,1BR/1BA,756,1620.0,4,Vacant
U01880,P008,093,1BR/1BA,843,1916.0,2,Active
U01881,P008,094,1BR/1BA,747,1666.0,4,Active
U01882,P008,095,1BR/1BA,727,1884.0,3,Notice
U01883,P008,096,1BR/1BA,793,1846.0,2,Active
U01884,P008,097,1BR/1BA,650,1612.0,3,Notice
U01885,P008,098,1BR/1BA,681,1812.0,3,Active
U01886,P008,099,1BR/1BA,695,1747.0,6,Active
U01887,P008,100,1BR/1BA,657,1598.0,3,Notice
U01888,P008,101,1BR/1BA,667,1790.0,3,Vacant
U01889,P008,102,1BR/1BA,773,1776.0,3,Notice
U01890,P008,103,1BR/1BA,827,1877.0,3,Vacant
U01891,P008,104,1BR/1BA,837,1780.0,3,Active
U01892,P008,105,1BR/1BA,798,1573.0,3,Notice
U01893,P008,106,1BR/1BA,827,1604.0,2,Active
U01894,P008,107,1BR/1BA,719,1694.0,6,Active
U01895,P008,108,1BR/1BA,662,1666.0,5,Active
U01896,P008,109,1BR/1BA,781,1628.0,6,Active
U01897,P008,110,1BR/1BA,845,1588.0,2,Vacant
U01898,P008,111,1BR/1BA,732,1899.0,6,Active
U01899,P008,112,1BR/1BA,719,1824.0,6,Active
U01900,P008,113,1BR/1BA,674,1764.0,3,Active
U01901,P008,114,1BR/1BA,653,1605.0,3,Active
U01902,P008,115,1BR/1BA,849,1744.0,3,Active
U01903,P008,116,1BR/1BA,676,1637.0,5,Active
U01904,P008,117,1BR/1BA,698,1868.0,5,Vacant
U01905,P008,118,1BR/1BA,826,1883.0,5,Vacant
U01906,P008,119,1BR/1BA,832,1770.0,1,Active
U01907,P008,120,1BR/1BA,767,1916.0,1,Active
U01908,P008,121,1BR/1BA,654,1742.0,3,Active
U01909,P008,122,1BR/1BA,685,1877.0,5,Vacant
U01910,P008,123,1BR/1BA,845,1938.0,2,Active
U01911,P008,124,1BR/1BA,657,1848.0,1,Active
U01912,P008,125,1BR/1BA,682,1893.0,2,Active
U01913,P008,126,1BR/1BA,728,1600.0,2,Active
U01914,P008,127,1BR/1BA,758,1826.0,1,Active
U01915,P008,128,1BR/1BA,654,1860.0,4,Active
U01916,P008,129,1BR/1BA,700,1593.0,6,Vacant
U01917,P008,130,1BR/1BA,801,1574.0,1,Active
U01918,P008,131,2BR/1BA,861,1830.0,6,Active
U01919,P008,132,2BR/1BA,1043,1843.0,1,Vacant
U01920,P008,133,2BR/1BA,902,2064.0,2,Active
U01921,P008,134,2BR/1BA,1021,1958.0,1,Active
U01922,P008,135,2BR/1BA,1041,2224.0,5,Active
U01923,P008,136,2BR/1BA,940,1872.0,5,Vacant
U01924,P008,137,2BR/1BA,911,2027.0,1,Active
U01925,P008,138,2BR/1BA,998,2143.0,5,Active
U01926,P008,139,2BR/1BA,1033,1886.0,3,Active
U01927,P008,140,2BR/1BA,1043,2042.0,6,Active
U01928,P008,141,2BR/1BA,904,2214.0,6,Notice
U01929,P008,142,2BR/1BA,943,2114.0,2,Notice
U01930,P008,143,2BR/1BA,1022,2231.0,2,Active
U01931,P008,144,2BR/1BA,947,1991.0,5,Active
U01932,P008,145,2BR/1BA,954,1851.0,3,Active
U01933,P008,146,2BR/1BA,969,1850.0,2,Notice
U01934,P008,147,2BR/1BA,1045,1963.0,3,Vacant
U01935,P008,148,2BR/1BA,1034,1818.0,3,Notice
U01936,P008,149,2BR/1BA,879,1973.0,4,Vacant
U01937,P008,150,2BR/1BA,1038,1940.0,4,Active
U01938,P008,151,2BR/1BA,991,1983.0,4,Active
U01939,P008,152,2BR/1BA,867,2203.0,4,Active
U01940,P008,153,2BR/1BA,895,1806.0,6,Notice
U01941,P008,154,2BR/1BA,1022,1847.0,4,Vacant
U01942,P008,155,2BR/1BA,1018,2104.0,1,Active
U01943,P008,156,2BR/1BA,951,1980.0,5,Active
U01944,P008,157,2BR/2BA,1139,2463.0,2,Active
U01945,P008,158,2BR/2BA,1043,2488.0,3,Active
U01946,P008,159,2BR/2BA,1102,2422.0,4,Active
U01947,P008,160,2BR/2BA,1009,2419.0,6,Notice
U01948,P008,161,2BR/2BA,1021,2382.0,5,Vacant
U01949,P008,162,2BR/2BA,1019,2378.0,6,Active
U01950,P008,163,2BR/2BA,1041,2238.0,5,Active
U01951,P008,164,2BR/2BA,1074,2256.0,2,Notice
U01952,P008,165,2BR/2BA,977,2061.0,4,Notice
U01953,P008,166,2BR/2BA,1009,2314.0,2,Active
U01954,P008,167,2BR/2BA,975,2369.0,1,Notice
U01955,P008,168,2BR/2BA,1123,2013.0,2,Active
U01956,P008,169,2BR/2BA,1104,2340.0,2,Active
U01957,P008,170,2BR/2BA,1109,2312.0,1,Vacant
U01958,P008,171,2BR/2BA,1146,2246.0,4,Active
U01959,P008,172,2BR/2BA,1025,2331.0,4,Vacant
U01960,P008,173,2BR/2BA,1016,2271.0,5,Vacant
U01961,P008,174,2BR/2BA,954,2476.0,1,Active
U01962,P008,175,2BR/2BA,980,2192.0,3,Active
U01963,P008,176,2BR/2BA,1063,2230.0,1,Active
U01964,P008,177,2BR/2BA,1092,2330.0,3,Active
U01965,P008,178,2BR/2BA,1075,2215.0,3,Active
U01966,P008,179,2BR/2BA,1074,2382.0,5,Notice
U01967,P008,180,2BR/2BA,1118,2277.0,5,Vacant
U01968,P008,181,2BR/2BA,1070,2238.0,2,Vacant
U01969,P008,182,2BR/2BA,964,2196.0,4,Vacant
U01970,P008,183,2BR/2BA,1046,2308.0,3,Active
U01971,P008,184,2BR/2BA,1032,2031.0,5,Active
U01972,P008,185,2BR/2BA,982,2418.0,3,Vacant
U01973,P008,186,2BR/2BA,956,2383.0,6,Active
U01974,P008,187,2BR/2BA,1047,2049.0,3,Active
U01975,P008,188,2BR/2BA,1055,2176.0,6,Active
U01976,P008,189,2BR/2BA,1013,2117.0,3,Vacant
U01977,P008,190,2BR/2BA,971,2455.0,1,Active
U01978,P008,191,2BR/2BA,979,2169.0,1,Vacant
U01979,P008,192,2BR/2BA,1033,2019.0,6,Active
U01980,P008,193,2BR/2BA,1095,2257.0,4,Active
U01981,P008,194,2BR/2BA,955,2348.0,5,Active
U01982,P008,195,2BR/2BA,1031,2189.0,4,Active
U01983,P008,196,2BR/2BA,1096,2049.0,4,Active
U01984,P008,197,2BR/2BA,1126,2338.0,3,Notice
U01985,P008,198,2BR/2BA,1078,2406.0,6,Active
U01986,P008,199,2BR/2BA,992,2307.0,3,Active
U01987,P008,200,2BR/2BA,1001,2248.0,1,Vacant
U01988,P008,201,2BR/2BA,1004,2144.0,1,Active
U01989,P008,202,2BR/2BA,1096,2201.0,2,Vacant
U01990,P008,203,2BR/2BA,1140,2479.0,6,Vacant
U01991,P008,204,2BR/2BA,974,2296.0,3,Active
U01992,P008,205,2BR/2BA,1095,2401.0,4,Active
U01993,P008,206,2BR/2BA,1003,2174.0,1,Active
U01994,P008,207,2BR/2BA,1079,2402.0,4,Vacant
U01995,P008,208,2BR/2BA,1030,2100.0,4,Active
U01996,P008,209,2BR/2BA,1109,2258.0,6,Vacant
U01997,P008,210,2BR/2BA,996,2440.0,6,Vacant
U01998,P008,211,2BR/2BA,997,2288.0,2,Notice
U01999,P008,212,2BR/2BA,1018,2469.0,5,Vacant
U02000,P008,213,2BR/2BA,1146,2453.0,5,Active
U02001,P008,214,2BR/2BA,1083,2100.0,4,Active
U02002,P008,215,2BR/2BA,1011,2075.0,6,Active
U02003,P008,216,2BR/2BA,1061,2205.0,1,Active
U02004,P008,217,2BR/2BA,1055,2133.0,3,Active
U02005,P008,218,2BR/2BA,1015,2343.0,2,Active
U02006,P008,219,2BR/2BA,1011,2057.0,2,Active
U02007,P008,220,2BR/2BA,1012,2399.0,3,Notice
U02008,P008,221,2BR/2BA,1074,2280.0,4,Active
U02009,P008,222,2BR/2BA,1115,2453.0,2,Active
U02010,P008,223,2BR/2BA,1019,2068.0,3,Active
U02011,P008,224,2BR/2BA,1118,2275.0,6,Active
U02012,P008,225,2BR/2BA,1134,2243.0,1,Active
U02013,P008,226,2BR/2BA,971,2157.0,3,Active
U02014,P008,227,2BR/2BA,1054,2448.0,6,Active
U02015,P008,228,2BR/2BA,1051,2472.0,6,Active
U02016,P008,229,2BR/2BA,1010,2056.0,6,Vacant
U02017,P008,230,2BR/2BA,980,2261.0,5,Vacant
U02018,P008,231,2BR/2BA,1014,2248.0,1,Active
U02019,P008,232,2BR/2BA,1103,2061.0,3,Active
U02020,P008,233,2BR/2BA,1099,2369.0,6,Active
U02021,P008,234,2BR/2BA,1058,2109.0,1,Active
U02022,P008,235,3BR/2BA,1259,3079.0,4,Active
U02023,P008,236,3BR/2BA,1280,3004.0,1,Notice
U02024,P008,237,3BR/2BA,1423,2662.0,1,Active
U02025,P008,238,3BR/2BA,1429,2697.0,6,Active
U02026,P008,239,3BR/2BA,1292,3016.0,2,Active
U02027,P008,240,3BR/2BA,1393,2901.0,3,Active
U02028,P008,241,3BR/2BA,1167,2989.0,6,Active
U02029,P008,242,3BR/2BA,1272,2577.0,4,Active
U02030,P008,243,3BR/2BA,1335,3032.0,6,Active
U02031,P008,244,3BR/2BA,1423,3007.0,4,Active
U02032,P008,245,3BR/2BA,1154,3037.0,4,Active
U02033,P008,246,3BR/2BA,1304,2463.0,2,Active
U02034,P008,247,3BR/2BA,1257,3002.0,2,Notice
U02035,P008,248,3BR/2BA,1312,3016.0,6,Active
U02036,P008,249,3BR/2BA,1167,2592.0,1,Notice
U02037,P008,250,3BR/2BA,1391,2916.0,3,Active
U02038,P008,251,3BR/2BA,1201,2977.0,6,Active
U02039,P008,252,3BR/2BA,1409,2446.0,4,Vacant
U02040,P008,253,3BR/2BA,1430,2916.0,4,Active
U02041,P008,254,3BR/2BA,1176,2849.0,2,Notice
U02042,P008,255,3BR/2BA,1219,2402.0,2,Active
U02043,P008,256,3BR/2BA,1310,2803.0,1,Active
U02044,P008,257,3BR/2BA,1277,2761.0,6,Active
U02045,P008,258,3BR/2BA,1360,2955.0,3,Notice
U02046,P008,259,3BR/2BA,1394,3011.0,2,Active
U02047,P008,260,3BR/2BA,1238,2881.0,3,Active
